content,score,at
sangat bagus untuk membantu bapak ibu guru dalam melihat datanya dengan cepat,5,2024-11-09 10:26:43
sangat membantu app ini karena kami membutuhkan informasi trimakasih simpatika,5,2024-11-21 19:08:36
aplikasi paling top kereen banget lengkap yang membuat aplikasi pinter banget sudah diberi kecerdasan ilmu dan mau untuk berbagi terima kasih semoga sukses selalu,5,2020-10-23 00:21:23
alhamdulillaah sangat membantu,5,2025-01-06 16:55:20
saya berikan bintang  karena semua ikhtiar demi kebaikan walaupun masih perlu pengembangan saya berikan apresiasi yang setinggitingginya terimakasih app ini sangat bermanfaat bagi kami para guru diseluruh nusantara,5,2020-09-29 22:34:58
boleh saya kasih full  bintang tapi ada syarat nya he he tolong permudah saya ketika saya lupa password karena dah berbagai cara apapun saya ikuti instruksi untuk reset password namun belum berhasil juga hingga sekarang,5,2020-02-19 11:15:21
aplikasi simpel dan mudah dipahamimudahmudahan di masa depan di aplikasi simpatika memberikan banyak solusi untuk kbm di lingkungan kemenag,5,2020-06-13 09:21:51
mudah mengerjakan sesuatu terutama apabila ada kesalahan pengisian data dengan mudah diperbaiki,5,2020-01-31 16:15:11
layanannya sangat bagus dan membantu dalam menyiapkan dokumen,5,2023-03-02 12:22:32
terima kasih dgn adanya app ini bisa terbantu dan cepat memantau data saya dan mendapatkan informasi dari kemenag,5,2021-06-07 03:12:39
siap simpatika adalah layanan komunikasi yang sangat bermanfaat bagi guru yang tertakit dengan informasi dari kemenag memudahkan para guru dibawah naungan kemenag untuk selalu mendapatkan informasi aktual yang dapat dipertanggungjawabkan dan sangat membantu karena akan selalu mendapatkan informasi terbaru sehingga tidak akan ketinggalan informasi tentunya informasi yang sangat diharapkan guru tentunya hal hal yang bersifat membantu kelancaran kerja dan kebijakan pemerintah yang berpihak pada guru seperti inpasing yang belum didapat oleh sebagian besar guru yang sebenarnya sudah memenuhi syarat sangat berharap kapan ya inpasing digulirkan semoga bisa dapatkanikut menikmati sebelum pensiun sebagai buah pengapdian yang tulus dan ikhlas dengan segenap kebanggaan dan kesetiaan,5,2021-06-24 10:55:36
sangat membantu sukses selalu,5,2024-10-01 11:39:26
mantab dan sangat bagus untuk membantu keperluan yang di butuhkan,5,2024-09-06 12:05:14
sangat membantu semoga bermanfaat ,5,2024-11-05 09:11:38
terus tingkatkan perubahan kearah yang lebih baik dan mudah,5,2024-11-04 13:36:37
sangat membantu mendapat informasi,5,2024-10-30 14:52:21
sangat bermanfaat untuk ummat,5,2024-09-19 21:39:39
bagus dan mudah penggunaannya,5,2024-12-18 05:50:31
terimakasih untuk yg membuat app ini  memudahkan saya untuk melihat data dan menerima info dari kemenag,5,2021-02-13 08:15:49
aplikasinya belum bisa dipakai semuanya,5,2024-10-28 07:41:18
maju terus kemenag,5,2025-01-06 11:50:55
aku berharap bisa dipanggil lagi ikut ppgpernah dipanggil  tapi kendala jaringantolong bantu saya krn tdk ppg sy tdk bisa usul naik pangkatterimakasih,5,2021-09-11 16:52:38
iklan selalu mengganggu jangan ada ikalan lagi,5,2018-10-10 21:14:12
sangat membantu semoga lebih di tingkatkan lagi,5,2020-02-16 21:29:06
terimakasih dengan apk ini kita dapat lebih mudah masuk akun ptk masingasing,5,2021-10-07 09:30:24
bagus sekali tidak berbelit belit mudah untuk di buka,5,2020-10-13 05:46:32
sangat membantu lewat hp lebih cepat akses,5,2020-12-16 05:10:32
bagus cara pengoperasian lebih mudah,5,2020-08-03 14:54:13
dengan aplikasi siap simpatika saya dapat mengetahui informasi penting yang disampaikan kemenag untuk guruguru yang mana tidak semua informasi dari kemenag disampaikan ke guruguru atau bahkan kepala sekolah tidak atau belum mengetahui informasi terbaru,5,2020-12-06 05:24:42
segera atasi kelambatan yg terjadi,5,2018-11-01 08:59:56
luar biasa saya dapat memantau perkembangan akun dan madrasah binaan saya dengan mudah jazakallohu,5,2020-11-29 05:13:09
praktis untuk semua operator simpatika,5,2019-09-17 00:01:11
mudah dan praktis,5,2018-10-08 13:57:07
sangat baik untk bagi guru pai untk mengaktifkannya,5,2019-01-29 13:52:42
semoga aplikasi simpatika bisa menjangkau kita yang belum bisa ppg karena keterbatasan umur walau ijasah sudah linier dan masa pengabdian sudah lama,5,2022-03-08 05:02:58
apk sangat membantu semua guru terhusus guru non pns,5,2022-10-22 21:08:17
cukup membantu kami dari praktisi akademisi,5,2018-10-24 08:25:07
semoga dengan aplikasi ini kta semua di mudahkan dalam mengurus simpatika,5,2018-10-15 21:23:47
praktis  mudah terima kasih,5,2020-10-16 13:20:31
belajar dan terus belajargo terimakasih simpatika,5,2019-11-22 23:13:42
sangat bermanfaat,5,2024-10-25 23:58:56
lebih baik tidak ada iklan,5,2018-10-16 11:03:02
memang berguna,5,2025-02-11 10:02:01
semoga dengan kelima bintang ini kwalitas aplikasinya semakin baik kedepannya,5,2019-09-11 08:27:56
semoga sukses,5,2024-12-21 02:06:45
semoga menjadi lebih baik,5,2024-12-27 18:45:17
sangat membantu guru agama katolik untuk mencek data,5,2022-06-24 09:46:40
alhamdulillah siap simpatika mempeudah kita dalam mengetahui informasi di simpatika,5,2024-02-21 13:35:11
sangat memudahkan ,5,2024-11-27 12:17:01
mantap sangat berfungsi,5,2020-02-11 12:45:13
luar biasa luar biasa,5,2024-08-15 01:02:00
data saya tidak ditemukan apa solusinya ,5,2024-04-14 09:02:37
sangat memudahkan kita untuk berkomunikasi dengan orang lain,5,2019-12-11 12:40:13
mudah dan lancar,5,2019-05-08 11:36:33
sangat mudah digunakan,5,2019-11-20 12:39:29
sngat membantu sekali dngan aplikasi ini,5,2018-12-08 07:41:02
mantap n bagus membantu sekali,5,2018-10-22 17:58:26
cepat dan mantaaf,5,2019-04-09 08:50:20
cepat aplikasinya,5,2021-02-03 09:11:06
sangat dibutuhkan untuk kroscek data pns,5,2019-02-28 14:20:09
simpatika emang mantaaaaapjayalah selalu kemenag,5,2020-12-23 11:55:22
dengan adanya aplikasi ini semoga ptk selalu mendaptkan informasi yang memuaskan penggunanya,5,2019-03-09 09:00:24
lebih ditingkatkan lagi,5,2019-05-03 23:34:56
kebanyakan aplikasi nih di kemenag,5,2018-10-31 15:22:46
bagus tapi butuh waktu biar fahammmm ,5,2020-12-14 16:23:34
bagus cukup membantu,5,2019-08-02 02:17:23
siap simpatika selalu oke,5,2018-11-18 21:20:13
sangat membantu sekali,5,2019-10-15 22:19:36
mohon lebih diupdate informasinya,5,2020-11-23 21:12:01
menurut saya cukup membantu,5,2020-08-03 13:03:49
memudahkan penggunaterima kasih,5,2022-02-03 17:37:28
semoga membantu tapi agak lelet,5,2021-01-09 08:53:38
sayang blm bisa di install,5,2019-03-29 13:49:43
memperbaharui data dari thn  sampai dg ,5,2021-02-09 09:03:07
ok bangat dapat login ptk,5,2019-05-03 02:31:53
dengan ikhtiar insyaallah bisa,5,2020-10-11 18:41:45
semoga bisa membantu lebih baik,5,2019-11-05 20:27:15
iklan dihapus saja,5,2018-10-08 14:54:32
keren bisa membantu,5,2021-05-10 12:43:49
sangat bermanfaat,5,2020-10-02 14:15:50
sangat membantu,5,2020-10-09 17:35:17
aplikasi yang bagus,5,2019-08-21 20:55:10
sangat membantu,5,2021-05-08 15:10:23
semoga bisa untuk seluruh ptk,5,2019-05-03 17:20:06
sangat memuaskan,5,2019-08-14 21:29:37
inshaallah bermanfaat,5,2024-12-26 19:37:53
sangat membantu,5,2022-07-01 10:09:31
sangat membantu,5,2020-02-05 10:18:26
sangat membantu,5,2020-05-03 04:29:42
sangat bermanfaat,5,2020-08-18 22:59:08
thanks sangat membatu,5,2020-08-06 08:10:54
sangat membantu,5,2020-07-01 12:34:50
ok sangat membantu,5,2021-12-26 20:22:45
ditingkatkan lagi,5,2019-07-03 22:13:17
sangat membantu,5,2019-12-31 14:14:14
sangat membantu,5,2019-02-23 11:36:00
bagus dn mantap,5,2019-01-30 09:16:53
sangat membantu,5,2021-10-03 19:53:33
sangat membantu,5,2021-01-09 00:34:11
sangat membantu,5,2020-12-17 18:07:15
semoga lebih menunjang karirku,5,2018-12-11 23:38:44
lebih d permudah lg,5,2018-11-01 15:07:09
sangat membntu,5,2019-05-30 07:10:06
membantu kami guru,5,2019-04-26 06:03:51
semoga membantu,5,2019-05-19 04:26:20
mudah di akses,5,2020-06-04 08:16:54
membantu sekali,5,2019-05-05 07:05:54
kepegawain madrasah,5,2018-11-05 16:42:37
memudahkan mengecek akun ptk,5,2019-03-23 22:59:57
semakin sip,5,2019-01-15 12:35:50
bagus sekali,5,2020-09-01 19:37:08
alhamdulillah,5,2024-12-26 09:04:21
ok,5,2024-12-26 20:39:42
ok,5,2024-12-26 20:39:35
bagus,5,2024-12-25 16:55:31
sangat bagus,5,2024-12-29 06:47:29
asyik,5,2024-12-21 21:10:04
ok,5,2024-11-14 09:05:25
sangat bagus,5,2025-02-10 23:41:08
luar biasa,5,2024-11-04 09:42:14
baik,5,2024-11-02 20:35:49
simpel,5,2024-10-29 20:07:57
mantap,5,2024-11-04 16:33:14
sangat baik,5,2024-10-28 06:49:58
sangat baik,5,2024-10-27 22:27:17
semuga bermanfaa,5,2024-11-02 14:25:19
is the best to simpatika,5,2024-11-02 15:15:35
mantap pisan,5,2024-09-18 14:12:30
awal  sd  this apk,5,2020-04-27 15:33:20
ok maturnuwuuun,5,2020-12-02 22:43:32
mantaaab,5,2019-11-30 09:26:53
ok,5,2023-06-25 00:14:10
ok,5,2021-01-12 13:29:09
good,5,2019-10-23 20:37:56
ok,5,2021-01-02 19:26:31
mantap,5,2020-06-27 09:08:43
mantul,5,2019-09-24 07:34:05
good,5,2020-10-06 06:49:27
bagussss,5,2019-07-15 20:27:25
ok,5,2019-12-11 08:59:54
bagus,5,2024-07-21 10:03:52
ok,5,2020-10-27 18:32:41
mantap,5,2022-01-07 23:53:06
mantap,5,2020-09-23 13:08:56
ok,5,2019-11-10 12:02:39
mantap,5,2019-08-20 05:11:15
mantap,5,2020-05-16 01:18:58
good,5,2020-02-05 09:34:45
mantap,5,2024-01-30 00:20:20
ok,5,2019-10-10 01:14:38
mantab,5,2022-05-17 12:39:03
jos,5,2019-10-01 21:59:45
bagus,5,2019-08-05 06:41:06
ok,5,2019-12-03 16:56:49
good,5,2020-01-09 11:16:42
mantap,5,2023-03-23 11:00:34
mantap,5,2020-12-06 19:29:32
lumayan,5,2021-01-13 11:28:53
ok,5,2022-08-20 11:37:31
mantabs,5,2019-12-15 06:44:02
lancar,5,2022-02-21 18:02:10
mantap,5,2021-05-26 13:35:20
bagus,5,2019-11-14 02:51:34
mantap,5,2022-02-20 11:43:03
mantap,5,2019-09-07 10:21:14
ok,5,2019-10-08 20:46:18
membantu,5,2019-08-29 11:20:37
mantap,5,2019-11-09 10:56:44
bagus,5,2020-07-13 13:23:17
good,5,2020-01-26 21:34:42
mapia,5,2022-07-13 18:34:57
mantafff,5,2020-11-23 16:49:52
mantap,5,2021-01-03 13:09:30
like,5,2022-09-22 18:33:40
lumayan,5,2021-01-16 10:29:42
sangat baik,5,2021-09-21 20:20:13
sangat puas,5,2020-11-20 06:40:47
ok cepat,5,2024-06-23 22:57:51
ok banget,5,2019-09-13 19:51:51
sangat bermanfaat,5,2023-04-06 10:11:18
sangat bagus,5,2021-12-18 22:30:38
ok manfaat,5,2022-05-29 17:57:31
lebih simple,5,2020-06-13 06:53:18
bagus banget,5,2023-06-06 14:26:50
,5,2020-01-28 23:09:31
,5,2021-02-10 08:28:51
,5,2019-09-10 18:02:31
,5,2020-10-29 08:16:56
alhamdulillah,5,2019-06-01 01:22:32
bagus,5,2019-05-12 09:56:53
bagus,5,2019-02-07 08:59:12
mantab,5,2019-05-23 20:36:27
good,5,2019-04-30 20:01:47
good,5,2019-05-01 17:48:43
good,5,2019-04-27 10:43:41
ok,5,2019-05-18 23:56:42
mantaap,5,2019-04-11 08:55:02
ok,5,2019-05-29 10:09:40
informatig,5,2019-05-18 03:58:25
siiiiip,5,2019-04-04 10:46:35
good,5,2019-05-24 06:11:58
bermanfaat,5,2019-04-15 14:57:10
oke,5,2019-07-25 09:19:40
mantul,5,2019-03-21 13:55:58
mantap jiwa,5,2019-03-28 20:34:00
good job,5,2019-02-18 21:01:11
sangat puas,5,2019-04-28 18:03:01
top bgt,5,2019-05-03 03:26:18
,5,2019-03-30 09:17:36
bantu kami untuk memperlancar proses pendidikan kepada anak bangsa,5,2018-07-24 22:01:04
melihat data nuptk dengan mudah terimakasih,5,2018-02-19 01:48:32
bagus tingkatkan trus,5,2018-08-16 11:25:47
aplikasi ini sangat membantu untuk melihat info secara online,5,2018-05-02 09:56:33
aplikasi ini membantu ptk login simpatika dg praktis,5,2017-10-16 09:33:00
mohon di tambah sebagai admin sekolah,5,2018-06-01 22:54:47
sangat membatu  good app,5,2019-01-10 13:14:37
mantap membantu dalam proses ptk,5,2018-02-16 21:05:01
mudah dan praktis,5,2018-02-03 07:20:56
good,5,2017-12-09 17:35:56
hatur thank u,5,2018-03-27 14:01:33
cepat dan mudah diakses,5,2018-08-02 11:11:27
nice,5,2017-12-13 15:46:22
ok,5,2019-01-11 12:47:05
sip,5,2018-11-18 14:58:48
bagus,5,2018-10-10 09:38:16
terimakasih,5,2018-07-31 03:30:06
mantap,5,2020-02-04 19:29:37
bermanfaat,5,2018-11-17 03:41:06
sukses,5,2017-10-20 22:02:05
good,5,2018-11-26 13:41:56
excellent,5,2019-01-07 18:37:03
ok,5,2018-02-11 13:06:38
jozz,5,2019-10-25 08:51:35
keren,5,2018-02-17 14:03:08
sangat membantu,5,2017-11-06 18:35:02
good adlikasi ya,5,2018-03-11 06:43:25
msh coba,5,2018-05-15 13:55:58
easy to use,5,2018-03-10 16:05:00
madrasah hebat,5,2018-11-26 09:29:49
siap kerja,5,2018-08-01 09:22:33
ok sekali,5,2018-12-02 16:41:10
hebat dan bermartabat,5,2018-05-17 23:31:48
terima kasih,5,2018-12-04 14:33:36
sangat membantu,5,2018-01-09 11:31:10
sudah baik,5,2018-08-25 19:07:14
dg adanyatersedianyaya layanan ini kami semua sangatlah bermohon untuk parmudahkan kami mengakses semua layanan yg tersedia agar kami mudah jg mengisi smua data yg ada dan harus km isikan dan butuhkan,5,2016-06-24 09:33:13
peningkatan kemapuan baca tulis hurufhuruf alif lam syamsyyah dan alif lam qamariah materi pelajaran pai siswa kelas vii smpn i kapuas hulu,5,2016-06-25 04:01:57
dengan adanya apl ini semoga saya dapat mengajukan inpassing yang dulu pernah mengajukan tapi katanya data telah hilang amiiin,5,2016-10-19 21:07:07
smg guru honorer pai di sekolah negeri naungan kemendiknas segera bisa jg memiliki nuptk,5,2016-08-04 16:43:57
semoga guru pak dimana pun berada bisa jadi pegawai negri,5,2017-06-23 15:37:05
mudah dpt kl pas lg lupa nomer jd cepat,5,2017-09-09 15:46:50
bagus sekali aplikasinya bisa dibawa bawa kemana mau ,5,2016-08-25 11:20:19
terimakasih sangat membantu aplikasi ini tingkatan lagi ya,5,2016-10-09 16:36:40
sangat mudah untuk mencari data nuptk kita,5,2016-06-08 16:42:12
tingkatkan lagi dgn apl yg lain lgi,5,2016-09-13 10:12:55
mantabsangat membantu sekali,5,2016-10-27 09:29:22
sngt mmbntu se x,5,2016-05-26 13:01:53
bagus dan perlu terus peningkatan,5,2016-05-16 05:28:37
apk ini sangat memudhkn aa,5,2017-02-23 07:23:29
bisa membantu ptk untuk ke aktifan nuptk trims,5,2016-08-03 05:59:49
semoga akses ini benar bisa mempermudah,5,2016-08-13 19:08:48
bisa membantu ptk untuk mengecek data,5,2016-09-18 10:07:23
sangat membantu mencari teman seangkatan,5,2017-10-24 18:29:53
mudah dan cepatpraktis,5,2017-06-21 13:29:05
sangat membantu mencari nuptk,5,2016-07-05 22:46:06
terus update untuk mengawal guru,5,2016-07-10 11:00:07
ok banget neh aplikasi,5,2016-09-26 18:33:59
sangat membantu terima kasih,5,2017-03-27 05:44:51
sangat membantu untuk sekedar mengecek,5,2017-02-25 20:00:41
tidak lengkap kemenag tidak ada,5,2016-09-26 14:15:41
sip lah,5,2017-10-12 16:45:27
bagus sangat membantu,5,2017-02-27 09:26:18
bagaimana jika sekolah induknya berubah,5,2017-03-17 10:22:41
ok sgt membantu,5,2017-09-26 09:28:25
aplikasi yang sangat berguna,5,2016-09-25 19:12:54
aplikasi ini muda digunakan,5,2016-09-01 11:06:29
good,5,2017-02-17 19:21:07
amazing,5,2017-09-10 05:46:36
helpfull,5,2017-03-25 14:50:32
siiip,5,2016-09-09 13:35:05
siiip,5,2016-09-15 09:36:28
mantp,5,2017-09-12 19:30:28
mantap,5,2017-03-15 08:14:36
mantap,5,2016-11-03 22:35:03
coba coba,5,2017-09-24 05:59:35
ok,5,2017-08-23 15:44:48
siiiippp,5,2017-01-25 10:10:53
alhamdulillahwasyukurilah,5,2017-02-03 21:59:44
kereennnn,5,2016-06-07 08:02:14
sangat membantu,5,2017-08-20 10:13:20
jhos gandos,5,2017-08-08 20:40:42
semoga bermanfaat,5,2017-09-20 13:25:17
sangat bermanfaat,5,2017-03-17 23:14:15
sangat bermanfaat,5,2016-05-20 02:48:43
sangat membantu,5,2017-07-24 07:58:40
sangat membantu,5,2016-08-29 17:59:08
aplikasiiiii bagussssssss,5,2016-09-26 09:59:49
sangat bagus sekalisuatu cara untuk memberikan publik ruang pengetahuan tentang ptk,5,2016-03-28 06:51:26
keren mempermudah para admin utk mengakses data terimakasih utk app ini,5,2016-02-27 14:22:07
mantaaaal aku kasih ,5,2016-05-11 15:46:50
baik perlu ditingkatkan ya,5,2017-06-03 18:56:23
informasi selalu uptodate,5,2016-02-14 17:56:15
trims atas aplikasinya,5,2016-03-07 14:05:59
good,5,2016-01-24 07:51:23
ok,5,2020-07-03 20:51:26
praktis dan simpel,5,2016-02-10 13:32:19
sangat helfull,5,2016-03-15 16:08:47
sangat membantu,5,2016-02-28 19:31:08
,5,2016-02-08 10:07:05
sangat membantu kedepanny mungkin bsa verval via android berharap,5,2015-05-20 11:21:07
sangat membantu dalam mengetahui keaktifan dari ptkp good   ,5,2015-06-02 20:50:14
android saya kitkat tp tidak bisa login ptk login gagal,5,2015-06-13 21:05:14
semoga lebih bagus lagi nrg bisa jadi satu dengan nuptk,5,2015-06-09 10:10:09
sangat bermanfaat dan praktis selalu diperbarui terima kasih,5,2015-04-18 10:44:57
sangat bermanfaat sekali bagi guru,5,2015-06-12 07:53:21
aplikasi yg lawassangat membantu,5,2015-06-18 19:52:46
sangat membantumudah di updatedan cepat,5,2015-05-06 13:15:17
sangat membantu sekalimantaaap,5,2015-04-23 01:54:02
sangat membantu memberikan informasi terkait ptk,5,2015-07-12 04:27:08
sangat terbantu untuk mencari data ptk tanks ya,5,2015-12-22 03:58:29
mohon sempurnakan aplikasinya dan update terus,5,2015-11-16 06:23:37
tetnyata mudah tampa laptop anfroid saja cukup,5,2015-05-27 22:39:12
terus dikembangkan lagi yaaaaa,5,2015-06-27 14:57:33
sangat membantu applix mantap,5,2015-04-28 10:37:44
top markotop update terus,5,2015-07-11 08:14:18
sangat membantu sekalimakasih ,5,2015-05-07 08:57:58
lebih mudah kerja nya dan ngecek nya,5,2015-06-23 21:58:09
suwun mbantu banget,5,2015-05-03 14:14:28
terima kasih sangat membantu sekali,5,2015-04-26 20:11:08
kalau bisa langsung kerja data di sini,5,2015-05-07 14:18:38
aplikasi ini sangat memudahkan,5,2015-06-15 12:51:37
lebih simpel trims,5,2016-01-13 08:06:51
lebih baik madrasah madrasah lebih baij,5,2017-08-27 06:34:02
tolong dibuatkan juga login sekolah,5,2015-05-25 08:01:09
bisa update berita pendidikan,5,2015-04-30 13:51:38
semudah anda main game,5,2015-07-09 00:04:46
sangat membantu,5,2015-05-14 07:10:57
i like its,5,2015-05-22 18:14:40
sangat memudahkan,5,2015-04-27 10:35:58
membantu sekali,5,2015-06-01 04:02:17
jos gandos kotos,5,2015-04-18 09:54:23
bagus sangat menarik,5,2015-07-09 03:33:18
cara membuat ptk,5,2015-09-28 15:51:24
sangat bermanfaat dan memudahkan,5,2015-05-26 07:45:19
trs d update,5,2015-04-17 19:29:09
semoga manfaat fiddaaroini,5,2015-12-02 10:00:18
luar biasa membantu,5,2015-09-30 04:47:31
sangat membantu saya,5,2015-10-19 08:06:12
memmbantu,5,2015-10-31 02:07:03
banget,5,2015-05-18 11:33:16
membantu,5,2015-09-23 11:45:13
mantap,5,2015-10-22 22:01:41
thanks,5,2015-04-27 12:16:43
mantap,5,2015-07-07 20:37:48
good,5,2015-09-12 07:02:47
bagus,5,2015-05-05 12:14:07
siip,5,2015-05-11 09:14:59
good,5,2015-10-18 11:48:41
valid,5,2015-05-10 03:29:03
oye,5,2015-04-19 01:38:21
sip,5,2015-06-29 20:34:42
siap,5,2015-08-31 09:46:36
ziiiiip,5,2015-04-26 08:37:36
bagus,5,2015-10-19 10:23:24
aja,5,2015-07-27 13:07:45
baguss,5,2015-09-21 17:44:55
ukg,5,2015-12-28 20:16:49
alhamdulillah,5,2015-06-30 02:04:51
mntapppp,5,2015-10-04 08:49:24
good,5,2015-09-04 22:51:54
siiip,5,2015-07-02 19:49:16
good luck,5,2015-09-08 19:44:14
mantab kali,5,2015-06-30 11:26:01
pkt online,5,2015-07-21 14:59:19
bagus sekali,5,2015-04-26 19:08:22
banyak manfaatnya,5,2015-12-15 20:01:41
memudahkan ptk,5,2015-05-24 15:24:48
bagus sekali,5,2015-11-06 23:20:39
susah loginx,5,2015-08-15 15:56:05
sangat membantu,5,2015-04-29 07:33:06
sangat membantu,5,2015-05-27 18:01:44
sangat membantu,5,2015-06-11 12:01:40
membantu sekali,5,2015-11-28 11:15:35
bagus dan mudah,5,2015-05-11 16:48:03
sangat membantu,5,2015-10-20 15:10:58
sangat membantu,5,2015-08-11 13:10:10
saya sangat suka web ini tapi sering kesulitan mengakses lewat android saya nggak tahu sebabnya saya sangat senang banyak teman memberikan infp sekaligis dituntun aplikasinya eh ternyata kendala juga dak bisa masuk contoh untuk info ptk dikmen petunjuk sdh saya ikuti tapi belum bisa masuk hanya sampai pada bagian login saya masukkan nomor nuptk dan tanggal lahir berkali kali saya coba hadilnya sama dak bisa masul apa ya kesalahnnya atau kuramg apa  mungkin ada yang bisa bantu makasih,5,2015-04-02 11:33:04
aplikasi benar sangat membantu saya bisa cek status nuptk kapanpun dimanapun,5,2015-01-25 16:10:29
membantu saya dalam mencari informasi data padamu negeri saya tanpa harus ke warnet,5,2015-02-22 21:50:15
memberikan kemudahan buat para pendidik untuk mendapatkan informasi terkait dgn sertifikasi dll,5,2015-03-15 08:22:35
sangat membantu sekali bagi ptk yg berurusan dg dinas terkait,5,2015-04-10 18:33:58
saya cukup acungkan jempol dan sangat berapresiasi dgn pelayanan kemendikbud dalam meningkatkan sdm khususnya para guru di seluruh indonesia,5,2015-03-03 11:53:07
bagus sangat membantu tingkatkan lagi kemampuan aplikasinya,5,2015-04-06 16:39:23
bagus trus tingkatkan n kalo bisa sekalian biar bisa edit data,5,2014-12-22 21:19:44
yang penting jangan ada data on line selain dapodik ok,5,2015-07-09 08:26:17
inovasi yang luar biasa sangat membantu dan lebih efektif dan efisien,5,2015-02-23 19:36:00
terkesan cuma sekedar buwat show,5,2015-01-04 14:46:25
alhamdulillah jadi lebih mudahterimakasiiiih,5,2015-03-18 22:51:35
lebih bnyak info baru y didapatmakasih,5,2015-04-02 08:11:19
mudah mudahan bisa membantu tugas ku sehari hari,5,2015-02-19 11:55:03
jadi gak susah mau lihat status ptk sndiri,5,2015-03-03 11:56:13
untuk informasi lumayansayang belum bisa input dari apk ini,5,2015-01-26 17:54:59
guru serba cepat dapat akses data,5,2015-03-11 22:04:37
tak perlu repot bawa laptop lg,5,2015-04-01 16:53:50
heeemmmmemuaskantrims ptk,5,2015-04-13 15:42:11
jd mudah untuk melihat ptk good,5,2015-03-03 13:52:49
tksi apliksi ini yg bnar mmbantu kmi ops,5,2015-03-24 09:05:22
sgt membantu guru guru yg di pdlman terpencil,5,2015-01-17 06:49:14
top sangat berguna sekali bagi guru next,5,2015-03-06 10:55:47
gimana sih caranya gunain aplikasi ini info dong,5,2015-04-06 20:23:34
membantu pisan hatur nuhun ,5,2015-03-12 18:11:49
lumayan dimudahkan dg app ini,5,2015-03-17 20:41:02
sangat membantu mohon kembangkan lagi untuk operator,5,2015-04-16 10:31:56
its very good,5,2015-02-03 15:50:06
siap ptk siiiip  ,5,2015-02-04 19:08:56
mudah dlm penggunaan yup sgat membantu,5,2015-03-16 06:30:54
bekerja sambil belajarit,5,2015-03-05 22:23:57
padamu negri dapat membantu mempermudah administrasi guru,5,2015-02-26 22:46:26
smakin mdh dan cpt mksh,5,2015-03-09 21:12:09
tingkatkan lg fasilitas nya,5,2015-03-14 06:55:26
layanan aplikasi ini sangat membantu untuk memudahkan pencarian ptk,5,2015-01-28 00:22:03
memprmudah operator makin mudah cari nuptk guru,5,2015-03-14 20:01:19
baik bagus sekali dan bermanfaat,5,2015-01-16 16:18:26
sangat membantu menemukan data ptk,5,2015-01-28 14:19:07
sangat membantu kami sebagai ptk,5,2015-02-04 16:30:56
asyik pokoknya ,5,2015-03-16 14:07:38
sangat membantu para guru guru seindonesia,5,2015-03-03 14:25:01
sangat membantu trimakasih,5,2015-04-01 10:51:20
bagusmemudahkan ptk,5,2015-03-17 08:48:46
siap ptk sangat membantu,5,2015-03-30 17:47:59
jadi mudah n gampang,5,2015-03-19 12:11:32
memudahkan mengolah data ptk,5,2015-02-06 19:44:39
lebih di tingkatan lagi versinya,5,2015-02-04 06:17:49
mudah  bermanfaat,5,2015-03-09 20:47:40
cukup membantu ptk,5,2015-02-16 10:41:10
very helpfull for me,5,2015-02-18 02:41:56
ok ,5,2015-01-09 21:34:39
terimakasih sangat bermanfaat,5,2015-01-05 11:51:29
info sangat berguna,5,2014-12-30 21:51:39
mantap memberi motivasi,5,2015-02-05 16:15:58
ok sangat mbntu,5,2015-02-27 22:07:34
bermanfaat bagi guru,5,2015-03-18 06:32:47
sangat membantu banget,5,2015-03-10 11:02:45
kadang susah login,5,2015-03-23 11:31:46
mantap dan membantu sekali,5,2015-03-24 19:29:07
sgt membantu thanks,5,2015-01-05 09:02:27
muantap,5,2015-03-20 18:30:17
memuaskan,5,2015-02-10 06:54:03
super,5,2015-03-07 13:21:31
like,5,2015-03-24 20:31:39
good,5,2014-12-08 22:13:38
mantap,5,2014-12-29 18:56:54
hebat,5,2015-02-10 08:49:12
bagus,5,2015-02-07 13:50:49
baik,5,2014-12-30 12:49:09
sipp,5,2015-04-02 16:51:11
terus,5,2014-12-10 14:35:13
ok,5,2015-02-17 23:28:21
ok,5,2015-03-08 14:47:19
siiiipppp,5,2015-03-26 08:00:27
siip,5,2015-02-18 08:12:49
banget,5,2014-12-15 09:08:59
mantaaaap,5,2015-03-05 10:21:40
recomended,5,2014-12-16 11:46:39
thanks,5,2015-01-16 03:45:54
canggih,5,2015-03-13 23:23:35
love,5,2015-04-04 18:37:09
suka,5,2015-02-07 11:06:58
keren,5,2015-02-05 11:42:23
ok,5,2015-03-21 06:32:55
selamat,5,2015-03-28 23:20:38
good,5,2015-03-11 07:34:59
muantabs,5,2015-02-17 15:26:07
makasih,5,2015-03-31 21:51:19
bagus,5,2015-01-06 22:14:56
ok,5,2015-01-05 14:43:32
hebat,5,2015-02-16 15:17:17
oke,5,2014-12-08 22:12:59
bagus,5,2015-04-07 00:08:39
bagus,5,2014-12-13 09:28:25
good good good,5,2015-02-22 18:09:11
kereeeen,5,2015-02-16 18:30:09
ok,5,2015-03-21 07:00:08
padamu,5,2015-02-18 18:24:35
like,5,2015-02-02 15:41:03
oke,5,2015-01-25 07:59:34
mantap,5,2015-02-02 15:08:16
good,5,2015-01-17 13:56:14
lancar,5,2015-03-19 22:33:44
good,5,2015-02-02 11:10:19
percobaan,5,2015-03-31 15:41:24
muantep,5,2015-04-17 09:12:38
mantap,5,2014-12-20 13:11:15
login sekolah,5,2015-02-28 05:00:20
bermanfaat,5,2015-02-16 15:17:00
mkasih ya,5,2015-03-08 18:32:35
i like it,5,2014-12-31 16:32:06
bagus tingkatkan,5,2014-12-06 06:18:36
perlu dikembangkan,5,2015-03-29 15:04:16
sgt membantu,5,2015-03-23 22:52:39
sangat membantu,5,2015-04-11 09:16:43
so simply,5,2015-02-11 00:10:44
sangat membantu,5,2015-02-08 17:00:12
sangat membantu,5,2015-02-27 14:18:04
sangat membantu,5,2015-03-12 11:16:44
sangat memudahkan,5,2015-03-14 23:47:02
good aplikasi,5,2014-12-31 11:54:22
luar biasa,5,2015-04-07 12:17:47
top banget,5,2015-03-04 18:40:19
ok banget,5,2015-02-05 21:24:37
sangat membantu,5,2015-03-15 14:22:58
mantaf boss,5,2015-04-09 10:26:23
sangat suka,5,2015-02-19 15:09:40
oke banget,5,2014-12-27 11:16:12
padamu top,5,2015-04-07 21:17:57
akuny keren,5,2015-03-10 20:26:00
sangat bagus,5,2015-03-04 00:25:27
suka sekali,5,2015-04-03 09:58:00
memudahkan sekali,5,2015-01-01 10:50:02
mudah dan simpel,5,2015-02-15 17:58:54
sangat membantu,5,2015-02-19 11:02:21
akses cepat,5,2015-02-24 15:56:45
sangat baik,5,2015-04-06 07:52:28
dia asiik,5,2015-03-20 19:18:20
sangat suka,5,2015-02-24 16:38:38
goods aplikasi,5,2015-03-16 23:32:02
sangat membantu,5,2014-12-25 20:57:39
sangat membantu,5,2015-04-10 07:10:28
nice application,5,2015-02-10 21:49:50
bermanfaat untuk ptk,5,2014-12-11 19:16:50
terima kasih,5,2015-02-02 21:00:10
hebat,5,2015-01-21 21:14:20
semoga dapat mempermudah akses informasi ptk,5,2014-12-01 09:51:09
membantu membuka jalur informasi ptk,5,2014-11-29 02:25:25
nice,5,2014-12-05 10:53:51
keren,5,2014-11-29 09:55:27
padamu negeri,5,2014-11-30 16:07:06
dengan fasilitas login ptk maka update sata tidak harus melalui operator sekolah hal ini meringankan beban operator,5,2014-11-22 08:09:54
sangat membantu untuk pengecekan update data guru,5,2014-11-06 13:10:10
separuh nafas bagi seluruh guru di indonesia,5,2014-10-31 17:04:41
smoga pendidikan indonesia maju terus,5,2014-11-05 15:35:26
memang uhuiiiiii top markotop,5,2014-11-17 10:42:42
siap ptk ini mantap,5,2014-11-13 09:02:16
aplikasi cukup bagus,5,2014-11-03 21:10:18
memudahkan mengecek ptk,5,2014-11-12 19:30:23
best,5,2014-11-23 11:21:28
keren,5,2014-11-21 19:55:56
good,5,2014-11-23 14:28:20
qreen,5,2014-11-20 22:40:37
bagus,5,2014-11-20 14:03:07
mantapks,5,2014-11-04 09:14:18
ssngat suka,5,2014-11-23 17:33:29
mantap kaki,5,2016-02-13 17:27:39
very good,5,2014-11-27 12:33:43
saya harap agar aplikasi padamu bukan hanya ptk saja tetapi padamu operator siswa dan lain jga dikembangkan,5,2014-10-21 16:09:25
mohon di tingkatkan kembali aplikasinya kalo bisa agar kita bisa cetak kartu lewat aplikasi ini,5,2014-10-23 15:04:26
setiap  semester di aktifkan jadi lebih jelas mana guru yg masih aktif,5,2014-09-23 19:06:14
klo bs server nya dpermudah login,5,2014-10-03 10:51:50
sangat membantu untuk para gurutingkatkan terus,5,2014-10-13 07:59:22
kenapa punya saya tidak valid ptk nya,5,2014-10-24 19:41:35
bisakah d  krja d android k,5,2014-09-27 21:34:03
menuju era guru melek internet,5,2014-09-29 20:59:16
lebih ditambah menu yg lain,5,2014-10-26 16:47:08
sangat membantu bagi semua guru,5,2014-09-28 21:22:35
ini sangat bermanfaat untuj keperluan guru,5,2014-10-14 11:25:01
aplikasi ini sangat membantu ptk seindonesia,5,2014-10-16 05:04:10
hebatlbh simple,5,2014-10-06 03:34:42
bagusmudah diakses,5,2014-10-02 09:23:07
sangat membantu para guru,5,2014-10-20 05:45:27
inovasi telkom  indonesia,5,2014-10-03 06:35:49
kembangkan terus untuk pendidikan indonesia,5,2014-10-02 09:54:36
sangat mudah dan bermanfaat sekali,5,2014-10-20 19:18:39
memberi kemudahan kepada ptk,5,2014-10-04 17:44:17
sangat membantu dlm bekerja,5,2014-10-19 12:07:30
bagus namun perlu di tingkatan lagi,5,2014-10-16 14:45:18
sangat membantu dunia pendidikan,5,2014-10-20 21:07:14
kembangkan menjadi lebih baik,5,2014-10-11 08:02:19
sangat membantu,5,2014-10-11 22:44:45
sangat bermanfaat,5,2014-10-03 09:36:29
siap ptk mantap,5,2014-10-15 14:28:50
memudahkan pengguna ptk,5,2014-10-04 19:21:37
solusi di luar ruangan,5,2014-10-10 19:35:52
ni aplikasi mantap,5,2014-10-17 20:53:44
mudahan servernya juga bagus,5,2014-10-06 08:20:57
good,5,2014-10-19 16:41:19
ok,5,2014-10-09 07:44:38
lanjut,5,2014-10-22 17:03:37
suka,5,2014-10-10 15:57:04
mantap,5,2014-09-24 14:26:32
bagus,5,2014-10-23 18:02:18
ok,5,2014-09-22 16:33:32
puki,5,2014-10-12 03:11:54
yoi,5,2014-09-22 15:13:33
siiiip,5,2014-09-29 11:02:02
mantap,5,2014-10-15 17:38:19
oke,5,2014-10-09 07:00:18
oke,5,2014-10-12 19:38:21
semoha sukses,5,2014-10-17 19:59:29
siiip pokoknya,5,2014-10-16 07:16:20
sgt membantu,5,2014-10-05 08:37:57
baik untuk ptk,5,2014-09-23 19:15:20
memudahkan para guru,5,2014-10-26 21:57:51
very helpful,5,2014-10-17 10:43:40
aplikasi bagus,5,2014-10-12 02:28:40
menarik sekali,5,2014-10-06 10:28:42
sangat membantu,5,2014-09-25 09:07:45
like it,5,2014-09-29 13:20:08
good,5,2014-10-24 06:15:56
aplikasi yg sangat bagus smg pengembangannya akan segera di wujudkan terutama menu yg masih sebatas judul menu yg ketika diklik belum ada isinya salam sukses,5,2014-08-29 18:59:05
instal apl ini pada smartphone anda karena sangat membantu dalam mengakses info sehuhungan dengan kependidikan,5,2014-05-25 09:26:21
membantu pendidik dan tenaga kependidikan,5,2014-08-25 12:26:21
sangat menunjang dlm memajukan pendidikan di indonesia,5,2014-08-26 22:18:50
memudahkan ptk mengakses padamu negeri lewat aplikasi ini,5,2014-08-31 20:16:28
aplikasi yg sangat berguna dan banyak manfaatnya,5,2014-08-26 19:09:04
lebih cepat di akses di hp peserta,5,2014-09-20 08:25:58
aplikasi yang bagus untuk seluruh ptk di indonesia,5,2014-09-09 15:35:59
aplikasi yang sangat baik,5,2014-08-27 14:08:10
sangat membantu untuk dunia pendidikan,5,2014-07-15 09:14:33
semoga lebih baik lagi,5,2014-08-29 11:48:43
membantu guru membenahi diri,5,2014-08-21 07:00:09
banyak informasi yang bermanfaat dan ok,5,2014-08-25 10:47:40
sangat menunjang dimanapun berada,5,2014-09-01 22:22:52
bagus dan sangat membantu para guru,5,2014-08-18 20:10:45
siiip banget ,5,2014-09-01 07:19:19
keren banget,5,2014-09-04 21:52:30
bagus banget,5,2014-09-18 04:22:08
perlu dicoba,5,2014-09-15 17:43:13
sangat efisien,5,2014-06-01 14:17:25
thanks atas aplikasinya,5,2014-08-31 20:49:07
mantap siap ptk,5,2014-09-08 11:33:44
sangat membantu ptk,5,2014-06-06 11:16:37
bagus utk ptk,5,2014-09-16 22:15:56
bagus wilayah tak berbataa,5,2014-09-06 21:59:12
semakin update padamu,5,2014-08-26 16:43:42
keren,5,2014-05-27 19:59:19
good,5,2014-11-07 22:23:10
siiiipppp,5,2014-05-23 10:03:41
siip,5,2014-08-31 13:12:37
tingkatkan,5,2014-07-18 16:03:59
siip,5,2014-09-02 23:14:23
siap,5,2014-09-04 14:37:00
tingkatkan,5,2014-08-22 09:04:45
ok,5,2014-09-01 16:26:04
like,5,2014-08-28 09:07:42
kalitowo,5,2014-06-06 16:30:10
bagus,5,2014-09-03 20:22:38
pertamax,5,2014-05-20 09:47:55
good,5,2014-09-08 19:06:53
ok,5,2014-08-30 12:37:03
ok,5,2014-09-01 23:59:12
nice,5,2014-08-31 09:13:57
muantap,5,2014-08-27 20:57:31
good,5,2014-09-11 16:52:23
sip,5,2014-06-09 21:37:29
software,5,2014-08-06 06:27:46
ya,5,2014-09-08 11:23:44
nice,5,2014-05-23 01:47:27
oke,5,2014-09-08 18:17:43
mantap,5,2014-05-28 08:16:47
manfaat,5,2014-09-05 16:16:08
goood,5,2014-07-06 21:29:22
mantab,5,2014-08-19 21:45:09
bagus,5,2014-08-28 23:10:44
tembusss,5,2014-09-01 07:54:40
ok,5,2014-09-07 21:20:24
mantap,5,2014-09-20 15:20:45
joss,5,2014-06-14 16:49:47
memudahkan ptk,5,2014-07-08 04:52:18
best services,5,2014-08-27 21:33:04
top banget,5,2014-09-06 09:32:56
sangat di butuhkan,5,2014-09-01 16:58:35
luar biasa,5,2016-04-06 21:03:14
siap ptk,5,2014-09-06 21:17:35
sangat membantu,5,2014-09-02 10:05:13
sangat membantu,5,2014-08-25 09:29:40
okey bro,5,2014-09-13 11:05:09
bagus prohramnya,5,2014-08-29 07:32:25
good aplikasi,5,2014-08-23 11:51:34
i love you,5,2014-07-14 07:56:50
sangat membantu,5,2014-05-23 16:51:19
akses cepat,5,2014-05-25 11:42:38
sangat membantu,5,2014-08-24 06:57:50
padsmu negeri,5,2014-06-10 11:52:25
bagus untuk guru,5,2014-09-20 20:35:22
sangat mambantu,5,2014-09-13 05:37:23
mdh aplikasi ini berguna utk padamu negeri,5,2014-04-23 08:53:36
markotop,5,2014-04-21 21:05:17
muantaaaaap,5,2014-04-21 19:36:54
kemajuan baru,5,2014-04-21 18:52:06
sangat bagus,5,2014-04-24 07:22:29
kalau boleh usul aplikasinya bisa langsung buat ngusulin nuptk baru biar nggak ribet mksh bt pengembang app sukses sllumet berkarya,5,2015-12-31 22:31:44
saya sangat terbantu dg aplikasi ini tuk meng up date verifikasi saya sbg pendidik yg selalu membutuhkan perkembangan informasi d segala bidang khususnya berita yg menyangkut perkembangan pendidikan yg cukup pesat dlm meningkatkan sdm,5,2014-10-03 07:57:04
sangat membantu bagi guruguru cuman msh banyak yg belum bisa mengakses krn kurangnya layanan data di daerah terpencil,5,2014-09-29 11:24:48
senang sekali sdh disediakan apps siap ptk shingga memudahkan para ptk dlm mendapatkan info terkini dr program padamu thanks,5,2014-10-03 11:27:20
aplikasi ini memudahkan ptk untuk melihat dan mempercepat kinerja tanpa harus kewarnet atau cari komputer untuk online,5,2014-10-19 12:42:35
semogadengan layanan ini kami para guru honorer bisa secepatnya mendapat nuptkdan ada kesempatan untuk menjadi pns amien,5,2016-10-26 21:31:06
tolong aplikasinya supaya lwat hp juga bisa mengatifkan nuptk agar lbih mudah menggunakannya bisa di save dandicetak kpan saja,5,2016-01-11 21:44:25
sangat membantu bagi guru honorer yg lg pusiiing nunggu cair dana pahlawan he he,5,2017-03-20 15:01:24
memudahkan guru untuk beriteraksi dgn puasat kami sangat puas dengan adanya aplikasi ini di hp anroid,5,2015-01-01 11:39:22
keren nih apps ny bisa cek data kapan dan dimana saja,5,2015-04-06 09:52:15
dengan adanya program ini dpt mempermudah dunia pendidikan terutama yg lokasina di daerah terpencil,5,2014-12-10 20:18:03
mempermudah cek n validasi data ptkoky banget,5,2015-03-10 21:09:24
semangat ya bagi guru yg blm mndpt nuptksmg kedepanny mnjd lebih baikamin,5,2016-07-08 14:32:49
wah alhamdulillah memudahkan sekali bagi saya yg guru untuk mendapatkan info ptk thnx telkomsel,5,2014-10-03 22:05:28
aplikasi yg sangat membantu sekalimeski masih ada kekurangan,5,2017-07-17 09:47:18
semoga smua guru ra smuany bisa mndpt kan nuptk,5,2016-08-18 12:22:05
aplikasi ini sangat membantu semua kawan ptk dlam meng akses data ptk,5,2014-12-04 19:50:54
mantap majulah indonesiaku dengan aplikasi ini guru beroleh informasi yang tepat dan akurat,5,2017-04-21 09:41:34
download siap ptk sangat membantu saya like banget,5,2015-01-27 19:34:39
siap ptk ibarat lemon tea di padang pasir begitulah kirakira,5,2016-09-11 08:20:14
perjuangan membimbing  mendidik putra putri bangsa menuju kebahagiaan duniaakhirat,5,2017-01-06 22:41:10
baik untuk di kembangkan tapi harus di barengi akses internet sampai kepeloporan desa,5,2014-12-31 08:45:17
di butuhkan untuk para guru yg ada di indonesia,5,2014-09-18 07:42:58
siiip ndak ada kt lain,5,2017-02-14 14:35:01
alhamdulillah mempermudah dgn adanya aplikasi park,5,2015-03-27 00:36:30
semoga mempermudah login ptk tanpa harus membawa laptop,5,2015-03-02 22:22:21
alhamdulillah sangat membantu semoga sukses selalu,5,2024-11-06 04:49:30
luar biasa bisa akses lewat hp,5,2014-11-30 15:51:11
bisa untuk mempermudah ptk login dan menemukan ptknya,5,2017-12-31 22:38:33
mudah an bisa membantu update data guru,5,2015-03-04 15:41:17
sangat membantu untuk mengetahui kuakitas pendiduk ,5,2015-05-30 17:28:22
kereeennn sangat memudahkan buat semuanyaa,5,2015-02-17 18:08:41
sangat membantu guru khususnya di bawa naungan kemenag,5,2018-03-07 11:47:27
apliksi ini sngt mempermudah akses informasi ptk sy,5,2014-10-14 19:06:20
sangat memudahkan saya dalam mengecek data saya ,5,2015-02-13 05:43:13
siap ptk  sangat praktis buat cek data ptk,5,2015-03-12 23:45:51
kualitas mutunya ditingkatkan lgi,5,2015-05-22 13:34:21
pokoknya hebat dehsalam guru katingan,5,2015-03-29 20:06:53
sngat membantu sy sebagai kepala sekolah dan staf,5,2017-10-04 07:08:58
sangat membantu aplikasi ini,5,2015-05-25 03:17:43
mudahn lebih ditingkatkan,5,2015-01-05 16:17:15
dengan fitur layanan ini kita dapat mengakses ptk dengan mudah,5,2015-06-05 21:51:30
dpt mempermudah access admin,5,2015-03-07 18:18:10
memudahkan bagi para ptk i like it,5,2015-02-14 17:09:13
opera mini yeah,5,2016-06-16 22:34:49
aplikasi yg memudahkan terima kasih,5,2015-08-03 12:00:28
kita harapkan pendidikan lebih maju,5,2015-05-04 14:40:58
sangat membatu mengcek status ptk,5,2015-03-06 08:02:20
memudahkan kita mencati informasi tentang ptk,5,2015-02-05 06:37:09
memudahkan dalam mengecek data sekolah,5,2014-11-13 20:54:34
mdhan membantu dalam update data,5,2015-06-18 14:44:52
terikasih dgn adanya layananini kita cukup terbantu,5,2017-09-17 18:30:03
good jobs thanks,5,2018-05-24 08:03:48
semoga saja bermanfaat,5,2017-03-21 10:29:36
makasih sangat bermanfaat,5,2015-02-10 11:22:38
semoga berkah dengan aplikasi ini,5,2018-01-14 07:24:13
semakin di dipermudah  cara untuk mengerti,5,2015-02-25 15:15:09
aplikasi yg luar biasa,5,2014-12-14 11:13:19
sangat penting terima kasih,5,2014-09-25 05:09:19
membantu dalam mengecek nuptk,5,2015-08-12 17:40:41
sangat membantu adm guru,5,2015-03-12 00:59:35
bisa membantu kinerja guru,5,2015-02-10 13:39:29
sangat memuaskan dengan tampilan yang lengkap,5,2017-10-26 05:38:08
luar biasa allahu akbar,5,2021-01-02 04:32:59
mengetahui info ptk terimakasih,5,2015-05-02 09:59:26
mempermudah mengecek data ptk,5,2017-08-09 16:14:23
aplikasi ini sangat membantu paravguru,5,2015-10-08 07:47:04
sangat membantu bagi pak,5,2015-03-09 16:49:44
sangat penting buat guru,5,2015-08-15 14:23:21
bagus sangat membantu,5,2015-03-14 05:44:27
mantap,5,2018-02-11 13:32:07
sangat bermanfaat,5,2015-02-16 21:44:53
lanjutkan ,5,2014-09-25 12:13:11
ok sangt membantu,5,2015-06-16 14:20:22
aplikasi ini yes,5,2017-12-06 09:29:46
sangat mudah   ,5,2016-02-27 21:02:41
bagus trims,5,2015-02-09 11:58:16
sangat membantu pendidikmakasih,5,2018-04-27 04:02:05
padamusiap,5,2015-02-27 13:10:53
good good good,5,2014-10-16 08:20:33
mempermudah admin sklh,5,2015-03-10 16:00:26
alhm ada layanan ini,5,2016-11-18 02:28:10
sangat membantu sekali,5,2015-02-13 09:23:04
berguna buat guru,5,2017-07-12 13:55:35
sangat membantu ptk,5,2017-07-08 09:30:24
sangat membantu skali,5,2015-03-06 21:32:29
pada mu negeri,5,2015-08-16 20:55:33
tdk bs download,5,2016-01-27 18:25:54
aplikasi psling hebat,5,2016-04-20 18:17:51
luar biasa hebat,5,2014-09-19 23:09:33
oc siap pakai,5,2015-07-09 23:32:28
memudahkan sistem online,5,2015-06-23 15:22:41
semoga dapat membantu,5,2016-10-10 17:39:00
mudahan dapat membantu,5,2016-09-25 13:42:50
semoga bisa membantu,5,2015-02-10 22:39:09
menikmati kecanggihan tik,5,2015-02-10 17:32:11
kpn yg gratisannya,5,2015-02-13 11:43:17
tidak merepotkan org lain,5,2015-03-16 10:45:45
memudahkan mencari data,5,2018-03-07 11:36:22
akhirnya ketemu jga,5,2016-02-27 14:54:42
bgus buat guru,5,2015-03-11 00:58:12
bagus aplikasi nya,5,2015-02-16 13:28:52
santi m nur,5,2015-05-12 18:15:31
sangat membantu saya,5,2015-06-21 08:31:06
mantap,5,2014-09-30 14:07:40
mantap,5,2016-10-16 20:27:08
tank,5,2014-10-30 04:58:12
iike,5,2015-02-12 15:06:57
mantap,5,2018-04-03 19:31:01
memuaskan,5,2014-09-18 21:56:49
jajal,5,2017-10-28 12:16:08
bagus,5,2021-12-20 10:32:38
ok,5,2018-11-06 20:52:36
nice,5,2017-03-16 10:53:09
bagus,5,2020-06-13 23:19:08
aman,5,2018-07-01 17:04:32
mantap,5,2015-09-08 11:15:23
goodd,5,2016-02-23 07:09:05
siip,5,2015-03-07 15:34:52
alhamdulillah,5,2024-12-26 20:37:39
oke,5,2024-11-07 07:14:58
bermanfaat,5,2019-05-14 16:38:23
bagus,5,2024-01-25 18:15:43
good,5,2018-11-29 09:49:48
i like,5,2015-06-03 19:01:19
sip,5,2014-08-22 23:53:59
mantap,5,2015-01-19 19:48:07
alhamdulillah,5,2014-09-12 21:39:46
simpatika,5,2016-06-13 22:50:22
bagus,5,2018-03-01 08:42:24
ok,5,2014-11-03 15:24:52
mantab,5,2022-02-11 12:37:35
terimakasih,5,2018-11-29 15:45:42
good,5,2021-01-06 20:42:15
terimakasih,5,2018-11-07 07:49:35
good,5,2017-07-27 21:41:56
bagusssss,5,2019-04-20 19:27:49
bagus,5,2020-09-26 08:38:56
bagus,5,2015-12-21 10:36:36
ok,5,2018-03-21 08:22:16
nece,5,2015-02-09 09:27:47
bagus,5,2018-07-22 00:01:51
goods,5,2014-12-01 01:25:45
mantap,5,2018-08-12 22:55:47
ok,5,2018-11-03 17:00:04
i like,5,2016-09-10 16:47:34
memudahkan,5,2014-09-09 11:11:53
best,5,2018-03-30 08:16:31
online,5,2015-12-27 20:45:13
bagud,5,2022-01-29 09:17:43
membantu,5,2015-12-28 08:03:36
siiipppp,5,2014-11-18 12:13:45
ok,5,2016-11-21 20:16:01
mantap,5,2020-12-29 03:57:26
good,5,2015-02-03 18:30:17
maknyozzzzz,5,2015-02-07 11:13:08
manfaat,5,2015-04-23 11:12:45
sip,5,2017-09-20 15:43:39
ok,5,2021-02-11 17:35:00
mantul,5,2019-05-26 20:03:47
suka,5,2015-02-06 12:20:23
mantap,5,2018-11-25 19:13:28
mengesankan,5,2020-12-18 08:34:14
ok,5,2015-02-06 09:30:42
ok,5,2020-12-12 05:39:06
memudahkan,5,2015-04-21 09:15:08
membantu,5,2020-06-19 18:45:41
oke,5,2015-03-24 07:10:07
oke,5,2024-10-30 10:22:09
good,5,2015-04-07 18:51:35
ok,5,2021-11-08 00:04:50
keren,5,2014-09-10 15:41:22
baik,5,2019-05-16 19:31:44
sakiit,5,2015-10-18 08:26:55
mantap,5,2018-05-28 18:25:43
terpercaya,5,2022-01-12 02:48:28
mantap,5,2015-03-19 08:23:08
yes,5,2017-07-21 09:20:23
good,5,2016-06-21 22:09:36
ok,5,2019-10-30 10:51:11
bagus,5,2020-07-06 07:50:05
keren,5,2014-10-22 18:59:40
ok,5,2015-02-09 07:52:50
bagus,5,2018-04-24 08:02:54
bagus,5,2018-07-04 09:34:10
lanjukan,5,2018-12-17 11:09:04
sae,5,2014-10-17 19:04:37
good,5,2014-12-23 08:44:54
siiiip,5,2015-01-10 01:52:55
mantaaabbbb,5,2015-03-22 16:49:48
like,5,2014-11-27 19:10:12
bagus,5,2015-01-28 09:55:15
mantapp,5,2018-11-20 08:30:46
oce,5,2015-02-25 02:18:37
kereeeeen,5,2020-12-18 15:32:04
nice,5,2014-09-24 20:14:57
siip,5,2015-01-22 14:03:08
mantef,5,2017-05-29 20:21:27
sip,5,2018-11-12 08:35:31
mantaaap,5,2014-10-03 07:29:10
bagus,5,2016-03-25 19:49:59
simpatika simpatika,5,2024-12-27 18:50:14
mantaaap,5,2014-10-26 05:14:49
oke,5,2021-08-16 04:18:05
bagus,5,2014-09-11 10:12:00
ok,5,2015-03-22 05:48:11
sip,5,2018-11-05 11:12:45
good,5,2015-03-20 09:08:23
ok,5,2018-01-07 17:41:51
suka,5,2015-11-28 21:47:15
mantappp,5,2018-09-28 21:55:39
baik,5,2021-10-18 18:54:24
mantap,5,2020-10-03 17:04:03
good,5,2014-09-28 13:33:56
mantap,5,2014-10-17 21:54:34
bagus,5,2017-07-11 19:37:21
sipzzzz,5,2015-03-13 16:48:08
mantap,5,2023-05-27 10:11:08
sip,5,2015-04-03 00:24:07
siiiippppp,5,2015-02-24 19:14:45
hebet,5,2019-04-29 10:24:36
oke,5,2018-03-21 12:46:34
top,5,2020-05-10 05:43:58
oke,5,2015-03-06 10:55:46
mantap,5,2017-07-14 10:59:29
sip,5,2014-06-11 11:01:03
oke,5,2014-04-21 19:56:20
tingkatkan,5,2017-11-06 04:28:26
ok,5,2015-04-12 08:00:40
baik,5,2021-12-08 10:09:36
ok,5,2015-03-25 18:00:23
top,5,2018-05-22 20:31:07
mantaaaap,5,2015-01-02 19:58:42
mantap,5,2015-02-21 12:35:49
oke,5,2016-09-29 10:53:11
lanjutkan,5,2014-09-08 20:16:48
goodjob,5,2018-12-05 20:21:26
better,5,2015-01-10 14:58:40
hebat,5,2016-08-12 17:42:24
sipppppp,5,2014-10-15 00:39:24
goood,5,2015-04-18 19:01:46
nuptk,5,2016-07-27 00:01:52
sangat membantu,5,2015-06-11 00:16:27
alhamdulillah,5,2017-02-06 15:11:21
aamiin,5,2017-01-07 22:20:30
i like,5,2016-05-06 13:15:37
mantap,5,2014-10-21 17:52:55
sukses,5,2014-12-21 14:21:11
sangat bermanfaat,5,2015-02-05 06:36:56
siap ptk,5,2014-10-01 16:52:14
good to god,5,2014-11-23 06:03:28
semoga berhasil,5,2018-03-24 23:35:52
lumayan membantu,5,2015-12-04 12:20:59
membantu sekali,5,2017-02-20 12:48:59
terima kasih,5,2016-01-29 09:32:05
sangat bagus,5,2014-09-28 13:07:46
bagus sekali,5,2016-06-07 15:57:42
sangat membantu,5,2014-11-20 19:35:13
sangat membantu,5,2014-10-30 13:45:52
sangat membantu,5,2015-01-06 21:09:17
ok banget,5,2014-06-04 10:16:41
sip banget,5,2018-08-28 09:49:28
sangat membantu,5,2014-10-20 08:39:51
good for the job,5,2014-09-29 09:09:30
oke bingiiit,5,2015-02-04 16:50:47
good laah,5,2015-09-04 18:55:26
gud to begin,5,2014-06-12 08:02:21
membantu ptk,5,2015-01-05 21:15:15
memudahkan para pengguna,5,2014-12-20 21:32:54
tes dulu,5,2017-09-24 00:12:01
sangat bermanfaat,5,2014-10-27 14:35:19
very good,5,2015-07-02 03:15:32
sangat membantu,5,2015-08-23 16:14:39
bermanfaat banget,5,2015-06-05 18:05:30
good app,5,2018-10-14 01:54:08
sangat suka,5,2015-03-26 10:51:23
sip ok,5,2014-10-23 08:05:15
membantu skali,5,2015-03-03 07:23:54
sangat membantu,5,2014-11-05 21:54:49
siap untuk smartpon,5,2015-02-13 11:31:28
padamu negeri,5,2014-08-30 06:19:47
penting to guru,5,2015-01-10 16:40:56
akhirnya terpakai juga,5,2015-05-09 18:09:28
ini baru sip,5,2015-10-17 11:42:36
siap keerja,5,2015-07-25 14:28:45
padamu negeri,5,2015-02-14 20:26:43
sangat bermanfaat,5,2015-02-16 20:09:57
saya senang,5,2015-02-06 11:21:48
very good,5,2015-04-03 06:23:27
oke bangetz,5,2014-11-03 04:33:13
sangat bermanfaat,5,2015-05-24 20:23:48
bandung barat,5,2015-02-09 07:27:50
luar biada,5,2015-09-15 22:36:30
membantu sangat,5,2015-04-24 09:06:41
telkomsel mantap,5,2016-07-15 07:57:50
luar biasa,5,2016-11-02 13:30:54
mantap banget,5,2018-07-09 20:57:02
memudahkan pkt,5,2015-02-09 18:01:53
sangat membantu,5,2016-07-04 05:47:12
bagus sekali,5,2015-03-19 09:28:02
sangat membantu,5,2014-10-03 21:30:08
onle fakta,5,2016-09-26 13:20:10
dikbud alor,5,2015-08-09 08:31:09
sangat membantu,5,2017-09-06 08:25:10
sangat membantu,5,2015-04-14 00:09:49
lebih cepat,5,2015-01-08 12:01:03
sangat membantu,5,2015-04-24 06:08:18
,5,2017-03-11 09:02:29
ok,5,2015-10-31 01:31:16
muantap,5,2015-12-23 22:30:15
lebih mudah untuk mengecek ptk,4,2024-12-30 08:04:10
perlu ditingkatkan aplikasinya supaya tampilannya lebih indah lagi sukses satu data simpatika kemenag,4,2020-10-02 18:52:47
perubahan adalah sebuah keniscayaan kita sambut dengan senang aplikasi terbaru ini simpatika,4,2024-10-28 21:03:18
tingkatkan selalu keakuratannya,4,2018-12-06 13:05:48
admin coba bantu saya d web nama saya terdaftar tapi di aplikasi ini nama sy tidak ada mohon solusinya ,4,2024-05-24 15:46:30
bisa membantu pekerjaan ketika ada kepentingan pendidikan yang mendadak,4,2018-11-20 04:54:39
sebagian fitur belum tampil seperti gbpns,4,2019-02-21 06:05:36
alhamdulillah tsumma alhamdulillah sungguh sesuatu yang besar manfaatnya semoga benar benar menjadi bagian dari tercapainya generasi emas indonesia salam bergerak dengan senang hati menuju ridho illahi jadikan indonesia negara keren dimata dunia dengan merdeka belajar dan merdeka yang sesungguhnya yaitu berkarya  berinovasi bersinergi berkebaikan tanpa karena apapun tapi karena hanya ingin negeri ini selalu bahagia tersenyum dan dimana mana penuh kebaikan yang seharusnya sudah terjadi,4,2022-05-10 20:49:35
lagi coba mau pakai aplikasi ini mudahn sesuai yang diharapkan,4,2020-06-18 13:24:52
sangat membantu cuma rada lola,4,2019-09-13 14:14:43
sangat dipermudah oleh aplikasi ini,4,2019-04-27 00:43:40
memudahkan terkoneksi ke akun simpatika,4,2020-10-03 18:39:01
terus majukan bangsa dengan pendidikan yang religius,4,2019-03-30 11:57:57
lebih cepat dan terpercaya,4,2019-08-30 21:07:18
lebih mudah dan cept,4,2019-02-18 13:19:50
nyoba dulu yakalo benar membantu saya tambah bintangnya,4,2019-03-06 07:33:23
lebih mudah loginnya,4,2022-10-13 06:56:51
sementara baru mau nyoba nanti ditambah bintangnya,4,2019-02-01 08:42:47
bagus apk nya,4,2019-06-22 22:25:24
masih banyak yang harus diperbaiki,4,2018-10-12 17:58:19
mantap hebat bagus,4,2022-09-02 17:15:37
guru agama buddha adminya masih belum aktif,4,2019-08-21 15:05:33
sangat membantu,4,2019-04-25 18:15:32
sangat membantu,4,2020-12-15 05:03:33
sangat membantu,4,2020-11-17 09:39:13
cukup membantu,4,2019-03-13 16:21:56
hbs sangat membantu,4,2018-11-07 21:24:21
info lebih mudah,4,2022-01-08 06:54:46
sangat membantu,4,2019-05-11 12:24:23
sangat membantu,4,2019-10-12 08:26:56
cukup membantu,4,2019-09-13 10:29:41
moga makin succes ,4,2021-02-26 14:16:47
kasih  dulu,4,2019-02-07 10:17:01
baru di coba,4,2019-02-08 10:21:01
sip baik aja,4,2018-10-21 15:52:44
dicoba dulu,4,2019-02-08 13:17:27
sgt membantu,4,2020-09-25 13:55:48
berharap ada keajaiban,4,2022-02-14 07:48:28
baik,4,2024-12-01 17:57:25
lancar,4,2021-06-25 23:01:26
mantap,4,2019-08-20 08:43:10
bagus,4,2019-08-22 09:29:19
bagus,4,2020-12-17 19:58:57
mntap,4,2024-04-09 17:31:52
lumayan,4,2019-09-08 15:47:58
baik,4,2020-02-12 08:26:33
ok,4,2019-12-25 16:29:59
alhamdulillah,4,2019-10-03 10:07:16
baik,4,2020-07-23 07:11:56
mantap,4,2019-11-04 06:48:44
,4,2024-02-05 12:07:16
boleh juga,4,2019-04-29 07:55:11
i like,4,2019-02-20 12:09:14
bagus,4,2019-05-23 14:11:21
lumayan,4,2019-05-27 11:30:52
bagus,4,2019-01-26 11:08:42
sip,4,2019-02-08 12:11:09
terimakasih sudah menyiapkan aplikasi yg dapat membantu sy dalam melihat info ptk,4,2018-09-06 05:04:12
jadikan aplikasi ini sebagai kemudahan bagi para sukwan untuk menjadi lebih baik makasih,4,2017-12-07 22:06:12
siap ptk upgade ke siap simpatika jadi gak bisa d buka error kenapa,4,2018-04-17 09:09:10
aplikasi ptk yang sangat membantu untuk kemajuan para pendidik dalam mencari perkembangan sekitar ptk,4,2018-02-05 12:56:35
semoga dengan aplikasi ptk ini semua guru honorer dapat nuptk ,4,2017-10-28 16:06:06
kok lebih simpel n mudah pada smester kemarin ikon nya,4,2018-07-31 10:23:24
sangat simpel mudah di akses bravo,4,2017-12-19 16:22:29
ditingkatkan lagi aplikasinya,4,2018-08-26 09:23:56
sedikit kendala dalam error data not update,4,2018-02-01 11:34:35
informasinya lbh ditingkatkan lagi,4,2017-11-18 20:30:55
bagus namun menu kurang,4,2018-01-31 09:18:55
siiiip dua jempol,4,2017-11-09 10:14:49
thanks manfaat,4,2018-04-10 18:56:46
sangat membantu,4,2018-07-13 21:15:06
ok,4,2018-10-10 09:24:04
mantap,4,2018-08-09 10:18:45
mantab,4,2018-10-13 08:55:48
mantap,4,2018-07-17 18:32:17
mantap,4,2018-02-04 08:21:25
tingkatkan lagi,4,2018-08-06 14:52:00
sangat berguna,4,2018-04-30 19:28:14
sangat membantu,4,2018-05-16 17:38:16
aplikasi baik,4,2018-04-03 17:57:36
sebagai guru baru saya merasa terbantu dengan adanya update update terbaru terkait npk verval nrg dll,4,2016-06-05 20:15:02
tpi kalau bsa diberikn info lnjutan jka ada invalit soal nuptkmksh,4,2016-09-29 07:05:07
kendala km pd jaringan hrs mlm begadang dg aplikasi ini,4,2018-03-26 11:26:49
tolong bisa diaktipk juga untuk login ptknya donkbiar gk buka google lagi,4,2017-03-08 09:49:08
lebih mudah untuk pencarian datanya,4,2017-08-07 00:06:38
bagus cuman kadang susah untuk masuk,4,2017-03-11 19:45:46
menjadikan pribadi yg menguasai iptek,4,2017-01-08 21:17:31
sangat membantu trimakasih,4,2016-10-03 10:15:41
infonya harus lebih bagus,4,2017-10-01 16:56:54
sangat bermanfaat bagi pendidik,4,2016-10-27 08:11:55
sangan membantu buat guru,4,2017-03-29 14:35:04
error susah masuk,4,2017-09-20 12:35:06
semoga bermanfaat,4,2017-06-05 21:45:42
tapi sayang susah log in,4,2017-04-04 22:22:33
resep kanggo cekmah,4,2017-04-11 20:19:40
ok trima ksh,4,2016-07-15 14:19:09
coba dulu yaa,4,2017-01-16 09:52:40
oke,4,2017-10-08 16:26:53
baguuss,4,2016-06-12 15:42:00
bagus,4,2016-06-13 18:32:26
good,4,2017-08-04 16:29:29
ok,4,2017-03-11 14:49:43
alhamdulillah,4,2018-03-08 18:39:57
sngat trbantukan,4,2017-06-18 22:07:09
sangat membantu,4,2016-11-09 19:05:10
sangat membantu,4,2016-09-21 20:29:57
oke bgt,4,2016-07-05 05:20:11
bagus mudah,4,2017-03-23 08:20:38
lebih bermanfaat,4,2017-04-10 21:37:25
terima kasih ,4,2017-08-08 10:21:40
membantu,4,2017-08-29 19:02:41
download jg aplikasi ojek online ojekkoe yaa,4,2016-02-17 17:19:44
siip,4,2016-01-29 09:38:41
aplikasi bagus sangat membantu untuk online tanpa pc namun kiranya perlu perbaikan karena sangat sering gagal login walaupun koneksi internet bagus hanya bisa cek status ptk terima kasih tetap semangat bagi pengembang semoga sehat selalu dan diberi kemudahan aamiin,4,2015-09-03 20:47:22
ini sangat membantu tolong untuk melengkapi aplikasi siap ptk biar lebih lengkap dan mudah untuk onlaine,4,2015-10-01 11:51:18
aplikasi ini bagus dan membantu sekali bisa di akses via android dmn saja,4,2015-04-29 18:10:05
mohon dibikin kan untuk login kabupaten kota,4,2015-04-26 07:20:00
sangat membantu mecari data pribadi ptk,4,2015-06-07 20:53:53
mudah untk mengecek  nuptk,4,2015-08-10 18:07:28
sangat bermanfaat untuk seluruh ptk,4,2015-06-05 12:59:22
tuk info guru terkini,4,2015-08-14 16:10:06
sangat membantu sekali mantaaap,4,2015-05-08 19:54:31
sukses,4,2015-10-21 10:37:26
top,4,2015-10-10 11:11:31
ok,4,2015-05-05 13:44:24
hebat,4,2015-07-02 06:47:19
weeeeeeessss,4,2015-12-22 01:26:47
mantap,4,2015-07-08 19:21:17
good,4,2015-08-28 23:24:00
mantap,4,2015-07-05 19:05:25
bermanfaatterima kasih,4,2015-06-25 19:24:49
membantu sekali,4,2015-06-27 11:55:26
smg bermanfaat,4,2015-10-06 16:58:21
sangat bermanfaat,4,2015-05-12 20:29:31
cukup bagus,4,2015-09-06 13:49:40
not bad,4,2015-05-04 19:39:57
siap ptk memberi kemudahan untuk cari nuptk kita atau teman kita dimana saja kita perlukan selama terjangkau jaringan internet,4,2015-02-05 16:21:25
somoga sll d beri info bg guruptk yang uptodate agar guru tdk ketinggalan,4,2015-02-18 17:42:06
saya sangat senang sekali dengan layanan aplikasi  yg cepat hebaat dan akurat,4,2015-04-15 17:53:35
sayang sekali data di padamu tidak bisa ditampilkan secara fullmohon lebih ditingkatkan,4,2015-03-14 17:06:29
praktis kemanapun aku berada informasi selalu dekat di hati,4,2015-02-26 10:07:47
padamu negeri dapat membantu saya dalam  informasi tentang ptkterimakasih,4,2015-03-10 14:35:46
smoga bisa mempermudah akses berbagai informasi,4,2015-04-16 02:25:57
berikan kami informasi yang lebih akurat disini,4,2015-01-23 13:11:48
ga ada nilai lebihnya dari verai web,4,2015-03-30 10:21:34
mudahan bisa mempermudah pekerjaan dan tidak mkin ribet,4,2015-02-12 15:42:03
kalo bisa aplikasi ini bisa pale edit data,4,2015-01-22 14:53:46
aplikasi ini sangat membantu saya mengetahui berita terbaru tentang padamu,4,2015-02-04 18:50:30
trimksh padamu negeri banyak kemanfaatan bagi km ptk,4,2015-01-14 14:23:16
padamu negeri jiwa raga kami ,4,2015-03-26 16:53:46
mudahan dapat lbh cepat info dr diknas,4,2015-03-10 19:10:55
tp mash tak paham masukknyah,4,2015-02-09 23:04:29
sangat berguna utk para guru,4,2015-01-21 11:14:20
top untuk mendapatkan informasi tentang ptk,4,2014-12-28 21:35:22
oceegampang aksesnya,4,2015-02-14 10:39:52
sangat membantu,4,2015-04-15 11:47:43
semoga tetap jaya,4,2015-01-11 02:38:32
itu kata yang tepat untuk padamu,4,2015-03-16 10:00:22
terimakasih banyak membantu,4,2015-01-21 19:37:05
sangat membantu sekali,4,2015-04-17 08:42:34
informatif dan sangat membantu,4,2015-03-08 05:58:49
sangat sangat membantu sekali,4,2015-04-03 07:43:52
jd lebih update,4,2015-03-01 11:06:05
ok,4,2014-12-21 11:16:27
mantap,4,2015-01-01 13:12:02
good,4,2015-01-05 09:14:41
bagus,4,2015-02-05 18:35:26
mantap,4,2015-01-18 10:27:49
suka,4,2015-02-12 17:49:44
bgus,4,2015-01-10 13:03:03
oke,4,2015-04-01 12:47:06
akurat,4,2015-02-20 03:52:55
sio,4,2015-02-05 21:20:38
hebat,4,2015-02-10 17:55:02
mantap,4,2015-03-19 10:56:38
ok,4,2015-03-15 08:52:35
ok,4,2015-03-06 16:46:27
sngat membantu,4,2015-04-09 22:32:39
sip boss,4,2015-03-11 10:34:55
lumayan membantu,4,2014-12-12 10:59:43
oke dech,4,2015-02-17 09:53:36
fitur lengkap,4,2015-02-11 07:39:01
suka apk ini,4,2015-01-25 04:31:24
sangat membantu,4,2015-01-07 01:47:14
good plksi,4,2015-01-05 06:06:18
cek ptk,4,2015-02-18 17:18:11
siap ptk,4,2014-12-13 08:59:53
cukup membantu,4,2015-03-17 09:49:46
mantap,4,2015-03-16 08:50:06
sangat membantu walaupun jarang saya gunakan enakan di laptop,4,2014-12-03 09:00:46
perbarui terus aplikasinya minthanks,4,2014-11-04 18:52:19
bagus,4,2014-11-18 09:56:05
sip,4,2014-11-27 13:26:10
sangat baik,4,2014-11-20 10:19:43
sangat memudahkan,4,2014-11-17 07:47:49
menbantu,4,2014-11-23 14:40:46
mempermudah untk melihat info ptk dan agar kedepannya aplikasi ini dapat lebih menyempurnakan dan lebih baik,4,2014-09-28 12:40:42
terimakasih banyak aplikasi ini sangat membantu bagi para ptk terutama operator sekolah,4,2014-10-18 19:57:26
sangat berguna dlm memperbaiki status nuptk,4,2014-09-28 15:08:19
semoga dengan aplikasi ini ptk dapat mengakses data pribadinya dimana saja kapan saja,4,2014-10-03 12:28:50
semoga para guru dan staf pendidikan semakin terbantu dengan aplikasi ini,4,2014-10-21 16:48:03
agak memuaskan sdkit,4,2014-10-30 13:53:09
okey aplikasinya,4,2014-10-27 11:59:47
online,4,2014-10-07 10:49:14
mantap,4,2014-09-29 18:01:15
bagus,4,2014-10-06 18:44:37
sangat membantu,4,2014-10-28 19:21:48
aplikasinya ok,4,2014-10-28 20:14:25
sangat membantu,4,2014-10-03 18:01:55
semakin ok,4,2014-10-16 08:24:52
saya ingin mempelajari cara mengaktifkan nuptk secara pribadi mohon petunjuk sejak pengaktipan awal di thn  hingga saat ini belum melakukan pembaharuan ,4,2014-09-20 18:10:50
masih blm bisa edit memlaui aplikasi ini d data masih blm sinkron dengan apa yg dilakukan di pc,4,2014-08-25 07:24:23
dengan online dan login bisa ngecek kebenaran data,4,2014-08-24 17:51:10
perlu dan mutlak bagi guru,4,2014-09-15 12:45:21
menjadikan lebih mudah dan praktis,4,2014-05-29 12:55:01
sangat membantu guru yang portable,4,2014-09-09 04:20:14
ganti hp smart jadox,4,2014-06-05 01:07:48
mdhn bisa mmbntu,4,2014-09-15 21:37:10
meningkatkan kinerja guru,4,2014-09-07 10:59:25
aplikasi pendidikan terbaik,4,2014-08-02 21:44:46
suka,4,2014-08-30 06:48:08
online,4,2014-09-10 12:11:07
ok,4,2014-08-13 20:34:29
oke,4,2014-08-28 00:40:27
mantaf,4,2014-09-18 10:09:07
siap,4,2014-08-19 22:52:28
good,4,2014-09-06 18:38:48
mencoba,4,2014-09-14 14:00:24
simpel,4,2014-08-25 12:11:19
mantapz,4,2014-09-15 14:17:49
aku suka,4,2014-09-05 20:01:42
ok nihhh,4,2014-09-01 23:14:33
post ptk,4,2014-09-02 18:02:51
sangat membantu,4,2014-08-18 11:45:59
semoga bermanfaat,4,2014-08-20 18:24:17
gak ribet,4,2014-08-29 11:42:06
saangat membantu,4,2014-08-30 09:17:49
naahhh kalo on the go gini kan makin asyik d,4,2014-04-29 22:01:05
nice when the website is crack,4,2014-05-10 23:38:49
bagus,4,2014-04-24 17:07:04
ga perlu repot bawa laptop kalo ngerjaen padamupake android kmn n kpn aja bisa,4,2015-03-05 08:30:02
aplikasi siap padamu negeri yang memudahkan saya mengelola data ptk di sekolah tempat saya bekerja,4,2014-07-07 01:09:15
hem g usah buka laptop ckup klik hp aja,4,2015-03-04 16:11:26
sangat bermanfaat semoga kedepan akan dan selalu lebih baik amin,4,2018-04-19 16:38:51
semoga dapat memperlancar penginputan data ptk,4,2015-02-13 00:27:40
kalo pake aplikasi ini mempermudah akses ke internet,4,2014-12-16 08:19:55
terima kasih karena sangat membantu saya,4,2017-09-16 23:24:58
kurangi iklanya pleasennt bintang ,4,2018-02-01 17:54:46
smoga layanan makin baik lagi,4,2016-03-17 08:17:58
lebih mudah melihat status ptk,4,2015-04-07 22:41:11
solusi bagi ptk se indonesia,4,2015-03-14 17:10:59
belum dibuka smg aja bagus,4,2018-02-14 15:20:47
sangat membantu utk mencari nuptkthanks,4,2014-10-06 15:23:41
bapak saya pasti suka nih,4,2015-03-24 21:32:34
lumayan   good,4,2024-10-28 09:01:40
lebih baik lagi,4,2015-03-09 21:24:22
bagus tapi ndak akurat,4,2015-01-29 12:05:58
saya sudah punya nuptk,4,2015-01-16 11:37:43
aplikasi yg sangt membantu,4,2015-02-16 20:08:16
bagus perlu ditingkatkan lagi,4,2016-06-06 21:34:20
susah jaringan lola bgt,4,2015-04-20 21:39:00
dengn adanya ini memprmudh informasi,4,2014-09-14 18:11:51
permudah cek ststus ptk,4,2016-12-29 15:10:24
untuk mengetahui tunjangan perbatasan,4,2015-01-22 14:56:03
ok dech lumayan,4,2020-02-12 16:49:33
enak gk rbetgk prlu bwa laptop,4,2015-03-22 10:04:45
terimakasih sangat membantu bagi kami para ptk,4,2015-04-30 13:47:45
praktis mdh mnfaat,4,2015-02-20 19:02:47
bagus y,4,2015-01-01 05:49:04
bukaptkbuat lebih simple,4,2015-02-21 08:20:18
bagus kalau bisa lebih dimaksimalkan lagi,4,2018-04-01 02:19:11
masih connect  dengan dapodik,4,2016-06-09 13:47:05
bagus sangat memudahkan kita untuk akses simpatika,4,2017-04-21 13:16:48
trims sangat membantu,4,2015-12-09 17:51:31
informasi selalu dinantikan,4,2015-11-19 22:37:13
penting bagi guru,4,2015-01-21 00:42:13
bagus tambah lhi,4,2016-05-14 17:31:59
sangat membantu kami,4,2014-09-28 09:16:40
smile all indonesian,4,2016-08-16 15:06:35
saya suka sekali,4,2014-11-03 06:59:32
aplukasi ini sangat membantu,4,2015-02-11 06:32:36
mantap,4,2018-10-07 18:36:43
good,4,2019-05-19 10:19:33
mantap,4,2015-03-16 08:35:55
sip,4,2014-08-24 21:48:33
oke,4,2014-10-03 18:11:01
valid,4,2015-01-04 23:58:28
like,4,2018-10-30 21:42:30
mantap,4,2015-03-16 00:16:15
good,4,2021-07-19 04:26:56
mantap,4,2020-10-03 09:10:35
sip,4,2014-09-22 10:15:15
sip,4,2016-05-26 06:41:12
assurur,4,2015-09-15 10:53:51
ok,4,2015-05-06 15:31:58
baik,4,2015-03-09 12:47:31
ok,4,2020-11-07 22:28:53
bagus,4,2014-09-16 09:24:46
mantap,4,2018-11-28 15:44:30
ok,4,2015-01-23 13:03:31
ok juga,4,2014-10-08 21:17:01
puas,4,2015-12-28 20:19:25
mantap,4,2014-11-05 14:40:39
mantap,4,2015-02-28 20:21:07
anakisa,4,2014-12-11 06:49:37
mantab,4,2014-10-09 10:43:07
baik,4,2019-05-05 02:19:45
siip,4,2014-09-30 18:26:08
membantu,4,2016-03-30 22:15:07
ok,4,2015-03-24 08:22:32
good,4,2015-06-15 17:39:29
hidup untuk belajar,4,2015-07-13 15:33:50
bagus sekali,4,2015-05-15 05:32:39
agak repot antarmukannya,4,2015-06-20 19:46:30
ptk online,4,2015-02-07 05:38:47
semoga membantu,4,2014-09-06 14:35:41
memudahkam ptk,4,2015-06-07 09:58:27
good job,4,2014-10-15 21:03:54
lebih fleksibel,4,2018-03-15 20:57:55
good for all,4,2015-10-13 17:30:36
sangt bermanfaat,4,2015-07-02 08:27:34
data ptk,4,2014-11-08 21:10:53
cb dulu,4,2018-03-05 08:31:27
sangat membantu,4,2015-06-30 02:34:42
saya suka saya suka,4,2014-12-31 10:55:19
mau nyoba,4,2018-02-06 19:11:29
sangat membantu,4,2014-09-15 23:09:18
mudahn berguna,4,2015-02-10 14:37:29
sangat membantu,4,2015-04-27 12:01:53
oke bgt,4,2015-08-04 19:13:02
sangat membantu,4,2015-04-23 10:44:19
siap ptk,4,2014-11-03 14:26:06
aktualisasi amdrealisasiyangutama,4,2016-12-25 22:45:17
y,4,2015-02-06 03:17:00
bermanfaat,4,2018-05-29 14:51:46
spektakuler,4,2015-04-29 21:27:48
ok juga,4,2019-04-07 13:17:52
sudah bisa login tp data yang di tampilan masih terbatas,3,2024-12-10 20:20:42
kenapa login tidk bisa keterangan galat saat menghungi server,3,2024-12-13 13:18:18
mau login gak bs masuk galat trs,3,2024-12-26 20:16:54
hasil pencarian data tidak selengkap versi browser pccontoh untuk data sertifikasi,3,2024-10-30 21:38:04
kalo bisa untuk login operatoradmin kayanya lebih enak bisa mempermudah operator,3,2024-10-31 01:53:04
 kan full emis tapi kenapa malah harus instal simpatika,3,2024-12-27 06:10:07
agak ribet dari yg dulu,3,2024-12-30 06:49:23
semoga aplikasi ini bisa absen ptk otomatis dan tampil sesuai data perubahan di websitenya,3,2020-08-19 08:50:28
saya dikasih akun aplikasi ini dulu pas zaman sekolah fungsinya untuk apa dan saya hanya bisa login disitusnya ngga bisa di app ini,3,2019-11-17 17:23:09
saya kasih bintang  karena masih kurang belum bisa login admin usul agar login admin juga bisa sehingga memudahkan dalam pengerjaan operator,3,2018-10-27 07:25:02
fitur dan informasinya kurang lengkap mohon di tingkatkan lagi,3,2019-04-03 11:23:50
dengan ada ny siap simpatika bagus tp sy masih blm bisa mutasiin nuptk sy sendiri tlg bantu yach,3,2019-03-19 18:55:08
mhon di upgrade khususnya untuk pengajuan skmt skakpt,3,2018-10-09 19:33:26
perlu dikembangkan dan hilangkan iklannya,3,2021-04-27 15:34:14
masih banyak iklan semoga kedepan iklannya dihapus,3,2018-11-09 08:45:04
pengalaman saya sebagai pengguna googl play store sangat praktis dan efisiensi,3,2019-09-20 04:08:28
data nya masih belum lengkap,3,2021-03-12 08:12:30
mudahan bisa membantu pekerjaan sy jauh lebih praktis n efisienterus tingkatkan pelayanan primasebagaimana alloh swt melayani kita semua,3,2018-10-20 13:59:13
sangat membantu kami utk ngecek data setiap saat,3,2021-09-19 15:53:06
kadang data tidak bisa diakses,3,2018-11-06 17:28:19
aplikasi ya beraaaattttt buat login lodingterusss,3,2022-02-03 09:22:59
sering terhenti ketika browset,3,2019-02-08 08:35:25
sangat mudah memperoleh informasi,3,2019-08-06 07:55:51
saya kasih bintang  fiturna masih kurang lengkap menurut sayasemoga kedepannya lebih baik lagi,3,2018-11-01 22:30:19
semoga pelayanan nya lbh ditingkatkan lg,3,2018-11-28 14:49:10
untuk sementara aplikasi ini lancar,3,2020-06-12 07:56:47
karena bisa tdk bisa login,3,2018-11-26 13:55:22
pengguna baru di aplikasi ini semoga bermanfaat untuk kedepanya,3,2023-12-19 17:04:16
sering gilang sendiri,3,2019-05-22 21:34:36
mudah mudahan bisa membantu,3,2022-02-03 08:17:52
 bintang ntar monitor aplikasi dulu,3,2019-03-17 14:04:50
aplikasinya keren dahh,3,2020-10-28 16:41:23
kalau bisa dikembangkan jg daftat hadir gtk online yg bisa dimonitor admin kabupaten,3,2020-01-14 14:13:17
cukup bagus,3,2019-01-06 22:42:13
sangat bermanfaat,3,2019-05-21 04:44:35
mudah diakses,3,2020-01-12 13:38:49
coba dulu mogga bermanfaat,3,2019-02-09 13:23:40
sangat membantu,3,2019-05-11 00:53:59
mon bedhe tak kerah tadhek mon tadhek tak kerah bedhe,3,2018-11-07 22:34:49
tiga dlu belum nyoba,3,2019-02-28 19:14:50
admin tolong up to date ni apk,3,2020-12-22 23:49:03
masih low,3,2019-11-06 13:51:48
bagus ajah,3,2019-10-25 08:19:12
lumayan,3,2021-02-09 12:37:32
baik,3,2020-12-27 10:10:43
siip,3,2020-10-14 16:19:32
lumayan,3,2019-09-25 20:30:56
membantu,3,2019-10-22 09:44:33
mantap,3,2020-06-17 22:32:20
low,3,2024-05-19 14:11:24
,3,2020-12-14 10:05:11
coba dulu,3,2019-06-12 20:33:16
saya puas,3,2019-06-15 14:09:18
sementara dulu,3,2019-03-14 11:21:59
best,3,2019-05-31 21:12:21
good,3,2019-06-11 20:34:23
"tolong featurnya di upgrade ini jika berjalan seperti dulu jaman 
padamunegeri bisa digunakan disetiap ptk untuk pasang aplikasinya sekarang 
kan hampir semua sudah pake smartphone namun sayang kondisi aplikasi saat 
ini masih hidup enggan mati tak mau jadi saya belumbisa recommended buat 
temanteman ptk",3,2018-05-24 09:24:08
"tolong di upgrade lagi fiturnya supaya bisa di gunakan oleh ptk sehingga 
bermamfaat wassalam",3,2018-05-31 10:23:07
mau login koq error cari ptk nya jg gak lgkap,3,2018-08-27 11:06:08
pencarian ptk tidak berfungsi,3,2018-08-15 18:42:58
tampilannya kurang bagus,3,2018-02-15 07:01:10
ok,3,2018-03-04 20:05:50
ini kalau d pasang di hp saya kok keluar sendiri terus yaa pdhal udh login ,3,2017-08-24 14:29:34
menu edit biodata belum ada  supaya bs disempurnakan lagi terimakasih,3,2016-12-07 07:39:31
jika memungkingkan tolong juga dicantumkan persyaratan atau info terkait pengajuan nuptk terima kasih,3,2017-06-07 18:05:21
saya kasih tiga dulu kalau bagus nanti saya tambah lagi,3,2017-08-18 23:04:53
gak bisa login,3,2016-06-22 16:42:50
siip mbantu banget,3,2016-06-29 05:18:06
memberikan informasi yang bermanfaattks,3,2017-06-15 01:17:41
sangat membantu,3,2017-10-06 13:42:42
ya,3,2016-06-01 08:25:28
helpful,3,2016-10-26 18:11:03
lumayan,3,2016-10-15 07:25:21
lumayan,3,2017-07-22 09:58:09
tidak memuaskan kurang maksimal,3,2016-03-06 21:40:36
sering kudu di restart,3,2016-01-29 19:03:59
lumayan membantu,3,2016-04-16 22:18:00
mudah sekali aplikasinya tp harus login terus ketika buka aplikasinya yaa cukup informatif n uptodate,3,2015-06-16 15:13:43
tidak ada fitur edit datanya untuk sementara bintang  dl,3,2015-05-26 12:48:51
percanggih lagi biar bisa buat edit ptk perindividu,3,2015-04-28 18:21:21
"masih tidak bisa buat scan qr codebila di scan langsung keluar 
aplikasiapa yang terjadi",3,2018-08-12 07:47:14
lengkapi data nomor nik,3,2016-01-02 19:38:27
mudah dan sangat membantu,3,2015-06-06 00:06:50
mohon untuk dikembangkan supaya dapat mengedit dats di aplikasi ini layaknya spt menggunakan laptop,3,2015-02-17 16:50:50
kurang lengkap fiturnya tidak sama dengan yg dibuka lewat laptop,3,2015-04-10 17:43:50
di akun nuptk saya pegid padahal nuptk saya sudah ada dan aktif,3,2015-03-03 11:49:32
jadi lbh simpel ga usah repot pake laptop,3,2015-02-24 22:55:08
masih bingung memanfaatkan fungsi siap ptknya,3,2015-02-28 14:45:48
bisa memantau kondisi sdm pendidikan,3,2014-12-21 18:33:47
memudahkan untuk mengecek ptkbagus kok,3,2015-02-26 15:40:19
simple sangat terbantu,3,2015-04-09 14:16:49
mau masuk g bisa,3,2015-03-16 09:52:24
dengan padamu ptk mudah diakses,3,2015-03-13 09:37:20
ki ta abukteh,3,2014-12-29 12:37:18
jadi lebih mudah,3,2015-04-01 06:53:14
ngak simpel,3,2015-03-23 19:55:01
semangat hidup,3,2014-12-16 10:43:05
thankss,3,2015-03-28 12:49:33
ditingkatkan,3,2015-01-29 02:20:51
siip,3,2015-03-30 14:20:40
ok,3,2015-03-20 19:40:01
kayaknya sulit openx mohon disempurnakan lagi,3,2014-12-03 08:34:39
semoga bermanfaat,3,2014-11-29 21:54:40
sayang cm bs cek data diri sndiri ak sbagai opr,3,2014-11-02 05:57:18
gak bisa buka profile sendiri,3,2014-11-14 18:42:23
tingkatkan,3,2014-11-07 10:04:10
ok,3,2014-11-04 05:32:00
sebaiknya ditambah profil adminsekolah dan bisa mengedit data ptk lewat sini terima kasih,3,2014-10-17 13:31:12
seharusnya srmua ptk bisa menggunakan aplikasi ini tapi masih terlalu sedikit untuk dikatakan banyak ptk yg bisa,3,2014-10-10 09:43:00
sangat bermanfaat sekali u ptk,3,2014-10-01 20:00:24
untuk update informasi nuptk,3,2014-10-06 07:55:20
good,3,2014-10-08 12:22:01
ok,3,2014-09-30 18:03:33
ok,3,2014-10-04 06:15:25
cukup oke,3,2014-09-13 09:42:59
lumayan,3,2014-08-28 09:30:58
bagus,3,2014-09-03 17:18:37
update data version android tidak mengikuti version web tidak singkron  di version web sudah semester  di version android masih semester  tolong di singkronkan datanya,3,2018-02-14 08:56:33
sebenarnya dg adanya apll ini sya cukup trbantu tetapi saya tidak bisa loging,3,2017-06-25 21:58:22
tolong dihilangkan iklan yg mengganggu,3,2018-08-27 09:14:32
memudahkan ptk mendapatkan informasi terbaru,3,2014-10-03 19:13:16
bagus saja tapi agak lambat untuk membuka aplikasinya,3,2018-08-25 21:21:00
semoga membantu saya coba dulu,3,2018-03-16 08:09:21
tp masih ada kekuranganx,3,2016-02-10 20:49:04
membantu ptk mengetahui status dapodiknya,3,2015-07-23 18:42:18
tapi sering update beritanya ditambah yaaa ,3,2016-10-23 07:26:41
ok tp masih perlu perbaikan,3,2014-10-12 19:50:51
perlu perbaikan y gan biar bintang ,3,2016-01-03 15:40:41
mudahan dapat membantu,3,2015-09-19 19:36:32
coba dulu y,3,2018-02-01 16:20:16
sering tidak bisa di buka,3,2014-12-13 20:17:49
sangat membantu,3,2016-03-01 10:15:34
siap ptk,3,2014-09-17 07:18:44
ngunduhnya lama,3,2015-02-27 18:29:22
semoga bermanfaat,3,2018-06-26 15:32:41
good,3,2015-02-24 12:03:28
top,3,2019-05-19 22:15:18
nuptk,3,2014-12-05 10:23:15
oke,3,2014-09-23 09:53:58
baik,3,2019-09-30 08:08:15
super,3,2019-05-29 04:57:59
ok,3,2014-10-07 10:07:57
next,3,2016-06-23 23:06:10
ok,3,2017-01-16 20:16:29
good,3,2018-01-14 22:08:41
coba,3,2017-07-08 23:25:03
ok,3,2014-12-20 13:13:58
sip,3,2019-08-16 13:05:03
selamat malam selama ini aplikasi simpatika lebih mudah nyaman dan dinamis sehingga berdampak pada pelayanan kebutuhan data dan kebutuhan informasi yang mendukung profesi saya sebagai guru profesional sehingga berdampak pada pelayanan internal sekolah dan kegiatan eksternal yang mendukung dan memperkuat motivasi untuk meningkatkan dan mengembangkan energisitas dalam tujuan mencerdaskan kehidupan berbangsa dan bernegara yang terintegrasi dalam karya inovatif untuk mencerdaskan anak bangsa ini,2,2024-12-21 19:38:40
mau login menggunakan data seluler maupun wifi gagal terus ada notif galat,2,2024-12-15 08:57:22
aaah cuma bisa nyari daa ptk doang sedangkan untuk masuk akun pribadi selalu galat maaf bintang  dl,2,2024-12-19 20:52:37
konten aplikasi ini tidak up to date saya mengikuti pretest ppg  dan menunggu pengumuman kelulusannya sudah keluar pengumuman di web simpatika namun tidak muncul di aplikasi ini saya tunggu hampir sepekan tetap tidak ada update informasi akhirnya saya lebih mengandalkan web daripada aplikasi ini,2,2019-06-15 22:20:37
aplikasi apa inijelas nuptk saya terbit di simpatika taunya disearch diaplikasi ini tidak menemukan hasilpayaaaahhh,2,2018-10-09 19:45:13
mohon bantuan bagi sklh yang sudah tidak pakai siap padamu dn ptk mutasi ke kemenag tidak bisa masuk karna data masih di siap padamu sedangkan baik ptk ops sklh dan dinas sudh tidk bisa masuk akun,2,2022-02-18 11:05:09
manis sebenarnya tapi masih banyak erornya semoga bisa lebih baik lagi kedepannya good job,2,2024-02-06 08:45:33
setiap mau masuk gagal terus,2,2024-09-19 20:20:49
terjadi galat saat menghubungi server,2,2024-10-31 06:24:26
masih kurang bagus kadang pas dibuka suka mati sendiri,2,2019-02-07 05:15:58
datanya blm update ada yg sdah pux nuptk tpi disni blm ada nuptkx sya ksih bntang dua aja,2,2019-03-24 15:26:23
tidak dapat melakukan pencarian seluruh indonesia,2,2019-09-25 12:32:32
app masih kurang sempurna,2,2019-11-30 18:31:39
menu tidak seperti biasanyq,2,2018-11-29 05:36:58
saya coba dulu kalau bagus dikasih lagi bintang,2,2024-06-05 05:45:04
terims kasih i om,2,2018-11-14 21:26:15
masih proses saya pske,2,2022-11-29 23:09:07
perbaiki lagi,2,2019-02-09 08:55:38
baru mau coba,2,2019-02-07 08:41:51
dua bintang dlu,2,2020-10-15 19:05:08
bener lukmanulhakim login error,2,2019-09-01 00:07:49
tolonng disemmpurkan lg,2,2020-12-18 19:52:20
minim fitur aplikasinya tidak bisa apa hanya liat jam mengajar dan analisa tunjangan cape dech,2,2017-05-25 06:30:07
duaa tes,2,2016-08-13 07:54:15
baru selesai loginlogout mendadak teruss ber xx,2,2016-02-11 01:35:37
mohon dijadikan simpatika untuk resmi kemenag,2,2016-03-06 22:18:23
padahal pasword dan page id sudah benar aneh sekali,2,2015-06-29 20:51:28
ga bisa login ga bisa cari ptk  payah ah,2,2015-12-04 09:39:22
login kok error terusssebel bgt,2,2015-09-14 15:58:57
membantutp sayaang,2,2015-12-03 08:57:42
terlalu jlimet dan sulit,2,2016-01-05 17:39:15
woooow bingit,2,2015-07-01 22:59:02
suka berhenti,2,2015-04-18 18:17:02
yang ada di aplikasi ini tidak sama seperti yg ad d web data memasukkan fto smw hnya skdar info saja jika memang perlu updet data atau apapun tetap saja harus masuk lewat web trs gunanya aplikasi ni buat apa tolong perbaikan aplkasi agar aplkasi ini jg bsa memuat menu seperti yang ada di webny,2,2015-04-13 08:34:51
tingkatkan kemampuanfasilitasnya seperti versi website ill give you five star,2,2015-01-04 07:59:52
untuk login ptk mbulet terus,2,2015-04-14 03:17:55
so simple to do,2,2015-03-18 10:24:09
bikin banyak admnistrasi,2,2015-01-10 09:23:32
tidak bisa buka profil,2,2014-11-08 12:20:05
kalau bisa edit data ptk lebih bagus,2,2014-10-23 17:45:11
aplikasi tukguru terlengkap,2,2014-09-01 19:00:21
siap ptk,2,2014-09-01 21:06:57
sangat suka,2,2014-08-16 05:49:58
lewat aplikasi ini setiap guru dan tenaga admin tdk perlu lagi ke warnet bagi yg memiliki hp android,2,2015-03-26 19:37:23
good bermanfaat moga ke depan lebih komplit lgi sperti yg di dikdas,2,2015-05-23 10:46:24
lebih enak lihat ptk senfiri,2,2015-04-03 09:58:46
isi data diri anda dengan teliti,2,2014-10-13 10:47:03
ga bisaaa logiin,2,2015-10-01 08:07:35
ribet mau aktifasinya,2,2018-04-09 09:20:28
dua dl,2,2016-05-19 22:04:04
sdn tlogosih,2,2015-02-08 19:21:08
dipercanggih fiturnya,2,2016-03-23 01:09:27
test,2,2017-01-28 14:00:33
mencoba,2,2015-06-08 03:09:52
,2,2017-12-22 22:08:25
mengapa terjadi galat waktu masuk aplikasi padahal udh benar nuptk dan paswordnya sangat jelek aplikasi ini,1,2025-01-17 13:21:12
knpa nilai akg kebanyakan na padahal waktu assesmen saya jawab semua sebelum habis waktunya tolong di perbaiki sistemnya nilainya koq kayak ngawur gitu,1,2025-01-04 14:30:29
setelah update november kenapa malah mundur riwayat presensi malah ga lgsung keliatan beda dengan sebelumnya presensi lgsung terlihat di kalender mohon dikembalikan ke awal,1,2024-11-10 21:05:24
tidak bisa login tulisannya galat terus gimana solusinya,1,2024-12-28 06:39:09
tidak masuk ke app nya ketika mau masuk muncul keterangan galat saat menghubungi server,1,2024-11-19 05:16:21
akun saya tidak bisa d buka terjadi galat saat menghubungi server adakah solusinya,1,2025-01-07 18:33:58
sudah berbulan dk bisa login gagal terhubung server saja,1,2024-12-26 15:28:50
aplikasi login saja tidak bisa apakah ada yang sama dengan saya,1,2024-12-22 09:38:08
aku malu menggunakan aplikasi ini gak sesuai deskripsi,1,2025-01-07 08:25:03
gagal terhubung ke server,1,2025-01-19 07:19:25
ga bs masukgalat terus,1,2025-01-31 21:29:36
app gk guna klo isi menunya cuma itu doang mending buka pke uc browser lebih bisa,1,2019-01-02 12:54:54
menunya gtu tok dah gtu gk update mending webnya langsung,1,2020-11-29 19:12:11
setiap kali login knpa selalu gagal ya  pdhal klo sya buka melalui website resminy dg username dan pasword yg sma bisa ,1,2019-08-26 07:48:40
wkwkwk sama smua gagal login udah bner password munculnya string error,1,2019-09-20 09:59:14
aplikasinya tambah jelek sekali karena fotonya gak bisa dilihat sama sekali,1,2021-10-26 22:42:46
masa buat aplikasi buat login saja gak bisa jika masih uji coba jangan di share dulu,1,2019-08-24 18:09:42
lama instalnya,1,2024-12-27 15:49:47
gagal masuk terusdipastikan dulu klo dah fix baru d share,1,2024-11-02 12:13:49
nih aplikasi buat mempermudah pelajar indonesia untuk melihat informasi tapi di persulit dengan adanya iklan di aplikasi tersebut,1,2019-07-02 01:42:42
lumayan tapi tdk bisa edit segra ditingkatkan biar q beri bintang ,1,2019-02-07 14:53:30
maaf ya perlu banyak perubahan selalu gagal login coba terus sudah coba lagi jangan menyerah males uah gitu aja,1,2019-08-12 10:11:06
dikasi bintang  karena adminnya kurang profesional dalam pengerjaan aplikasi di hp saya hanya terbaca tulisan robot,1,2019-10-25 18:04:42
sinyal galat trs,1,2024-12-26 21:06:43
aplikasi kurang bermanfaat ga bsa edit hbis donlot lgs aq delete,1,2019-05-16 16:21:36
ktika d search kok nggak smua muncul ya bahkan nama sya tidak ada,1,2018-12-31 08:51:24
iklan mengganggu penampilan,1,2020-06-14 10:24:09
susah log in pencarian eror,1,2018-11-02 16:10:13
susah bukanya jadi nyesel deh dah di upload,1,2018-11-05 13:09:50
perlu di update bos aplikasinya,1,2020-10-14 14:34:40
ga bisa masuk selalu erorre saya tidak menyarankan install aplikasi ini,1,2018-11-05 13:12:53
kenapa pada pemcarian ptk ptk tidak ditemukan padahal di web simpatikakemenag ada,1,2019-12-31 08:05:42
eror tidak bisa login,1,2024-07-08 21:53:08
aplikasi jadul lawas banget,1,2018-10-16 07:08:51
kok gagal terus ya setiap mau masuk,1,2019-02-04 08:36:24
masih lebih bagus kalo buka di web nya,1,2020-05-07 12:58:09
terjadi galat saat menghubungi server,1,2024-12-29 11:33:55
aplikasi galat terus gimana ini,1,2024-12-27 17:52:56
dikira bakal selengkap versi desktop,1,2024-11-23 17:24:29
aplikasi usang sejak jaman perubahan dari situs padamuwebid,1,2022-07-31 22:44:17
 bad gateway maaf   aplikasinya begitu,1,2024-01-30 10:44:11
iklannya min bak buih dilautan,1,2020-08-22 22:05:43
kaga jelas dn gak update sma sekali,1,2019-05-28 01:54:17
bingung ga kaya buka di google chrome,1,2020-08-03 13:47:17
sering lelet dan,1,2019-08-05 13:19:15
aplikasi terjelek yang pernah saya buka,1,2021-12-17 08:56:38
gak bisa login,1,2018-12-27 10:37:44
lupa password sulit masuk,1,2022-02-02 14:28:06
errorentah kenapa,1,2020-12-15 21:12:40
gak bisa digunakan,1,2019-01-04 20:38:34
saya gak bisa login,1,2019-05-15 19:58:45
bagusmeskipun bingung,1,2019-09-20 00:14:48
unfaudah akalan pengembang,1,2024-12-27 23:01:27
jelek mending daribrowser biasa,1,2019-02-07 19:59:47
gagal login terus,1,2019-09-03 12:07:38
kurang memuaskan,1,2019-02-06 19:31:15
ribet mau login aja susah,1,2020-05-17 19:33:04
tidak membantu,1,2024-10-19 13:02:32
payah sllu ggal klo log in,1,2019-09-05 18:00:26
saya dahulu yak,1,2022-06-24 21:32:21
g bisa buka,1,2020-01-18 12:45:47
error parah,1,2019-10-18 17:49:21
kurang puas,1,2021-04-07 15:59:06
ok banget,1,2023-08-21 09:59:24
jlek,1,2019-09-08 22:44:38
ni kenapa g bisa login,1,2019-04-16 14:30:16
,1,2019-02-05 11:37:41
tidak bisa login  mohon pencerahan,1,2018-01-11 07:47:50
ada tulisannya sayangnya siap ptk telah berhentisaya mau masuk,1,2017-08-19 11:49:07
tidak bisa copy nuptk mending pake browsernya aja,1,2017-02-10 08:30:24
koplak jelek aplikasi sedeng gak ada isinya,1,2017-03-06 15:50:04
bagus,1,2016-06-26 05:48:00
ptk dibawah kemenag banyak yang tidak masuk,1,2016-01-27 10:27:46
g bagus,1,2016-03-22 09:54:56
datanya kurang update smester ini data sya blm masuk,1,2015-05-29 21:26:53
pyah gk bs log inhpus azh ahhnyseseul gw,1,2015-10-25 23:35:09
perbaiki aplikasix tidak bisa login hax bisa cari ptk,1,2015-07-15 22:44:00
untuk guru madrasah ga bisa keluar datanya,1,2015-12-07 22:37:28
sangat betmanfaat dlm dunia pendidikan,1,2015-04-27 07:36:44
selalu minta login kembali,1,2015-10-25 14:55:40
gak bisa login sama sekali tidak membantu,1,2016-05-17 06:14:54
gkmana nih cara loginnya,1,2015-12-14 08:18:06
tae gagal login trus,1,2015-11-14 09:52:55
g bs login,1,2015-09-08 10:29:44
banyak membantu,1,2015-06-30 11:26:41
mohon diperbaiki,1,2015-08-07 11:05:33
cek ptk,1,2015-04-01 13:58:55
kurang memuaskan,1,2014-11-14 10:36:56
masak aplikasi resmi pake iklan ga bisa apa d dalamnya tdk ada menu edit ubah tambah atau kurangi d dalamnya cm melihat saja,1,2014-10-07 09:27:30
tdk bisa di donlod,1,2014-09-29 10:48:47
g da foto,1,2014-10-13 21:30:32
siip,1,2014-09-29 08:50:45
aplikasi web belum siap bukannya bikin gampang malah nyusahin bikin repot staf  operator admin,1,2014-09-12 13:38:35
tetap jaya,1,2014-08-22 09:37:09
bagus,1,2014-05-24 22:15:36
ok,1,2014-06-02 09:23:15
saya tidak bisa login,1,2014-04-23 16:19:34
banyak iklannya yang tak patut disisipi iklan boleh laah asal tidak asal asalan,1,2017-03-09 17:51:52
payah masih belum bisa login diperbaiki min,1,2015-11-19 15:41:16
simpatika kemenag ok bgt,1,2015-10-21 23:07:34
yng bisa memudahkan kita akses data,1,2016-03-24 06:52:42
tidak bisa terpasang mentok di ,1,2014-11-15 08:00:12
sesuatu yang sangat tidak di sukai atau perasaan sangat tidak suka terhadap seseorang,1,2014-10-04 00:40:19
susah banget masuk keface book cape deh,1,2015-04-24 16:52:05
membantu melihat informasi ptk,1,2016-09-28 12:54:12
ini kenapa kok tidak bisa log in ya min,1,2019-08-15 02:27:28
baik untuk lht ptk,1,2015-02-10 14:30:37
ora iso logen,1,2015-09-20 16:45:41
loadingnya lambat,1,2016-02-23 17:02:04
susah mendanlut,1,2019-12-07 20:11:37
bagus,1,2015-03-10 08:14:12
ok,1,2016-11-25 14:13:54
sukses,1,2015-10-16 19:49:26
siippp,1,2019-08-31 01:12:01
huebat,1,2015-02-26 11:18:18
